pickup_date,total_trips,total_revenue,total_distance_miles,median_duration_minutes,p95_duration_minutes,median_speed_mph,avg_passengers,most_pickedup_place,most_visited_place,index_trips_100
2023-01-01,61883,1797097.81,250551.29,11.933333333333334,36.416666666666664,12.441094139818192,1.5562755522518301,JFK Airport,Upper East Side North,73.64
2023-01-02,51750,1466007.14,207986.53,10.666666666666666,36.3,12.090899086710639,1.5198647342995169,JFK Airport,Upper East Side North,61.58
2023-01-03,67505,1760645.5,219932.65,11.183333333333334,36.43333333333333,9.999750006249844,1.3869491148803792,JFK Airport,Upper East Side North,80.33
2023-01-04,75303,1935477.79,232310.1,11.433333333333334,34.5149999999999,9.762592727681968,1.3756025656348352,Upper East Side South,Upper East Side North,89.61
2023-01-05,80654,2024703.81,238318.27,11.316666666666666,33.18333333333333,9.706749109583283,1.3682892354997893,Upper East Side North,Upper East Side North,95.97
2023-01-06,81416,2013691.35,232983.29,11.15,32.8,9.636661531603803,1.3905497690871573,Upper East Side North,Upper East Side North,96.88
2023-01-07,89281,2199625.96,269058.57,10.883333333333333,31.483333333333334,10.748723470605464,1.4761371400409942,Upper East Side South,Upper East Side North,106.24
2023-01-08,70102,1843328.6,247439.01,10.283333333333333,33.916666666666664,11.920157834478015,1.4482611052466405,JFK Airport,Upper East Side North,83.42
2023-01-09,67275,1691291.18,204614.63,10.6,33.48833333333326,10.20686839484581,1.3322185061315497,Upper East Side North,Upper East Side North,80.05
2023-01-10,80261,1958155.03,220605.26,11.216666666666667,31.316666666666666,9.521367409417289,1.3247405340077996,Upper East Side South,Upper East Side North,95.51
2023-01-11,85335,2078612.51,233177.51,11.216666666666667,31.033333333333335,9.538363709090165,1.3278490654479405,Upper East Side South,Upper East Side North,101.54
2023-01-12,88265,2226034.57,250877.38,11.816666666666666,34.46666666666667,9.134246558986039,1.3264374327309805,Upper East Side South,Upper East Side North,105.03
2023-01-13,85472,2170117.26,251725.03,11.366666666666667,35.56666666666667,9.517188636271172,1.3860796518157994,Upper East Side South,Upper East Side North,101.71
2023-01-14,95693,2390910.7,284285.22,11.383333333333333,32.50666666666657,10.204627987767047,1.4753848243863188,East Village,Times Sq/Theatre District,113.87
2023-01-15,80842,2051472.74,260914.36,10.616666666666667,31.933333333333334,11.283354738883647,1.4741223621384925,JFK Airport,Times Sq/Theatre District,96.2
2023-01-16,66454,1708786.99,222627.18,10.008333333333333,34.13333333333333,11.256471694538005,1.400999187407831,JFK Airport,Upper East Side North,79.08
2023-01-17,80021,2020166.94,232282.43,11.35,33.86666666666667,9.547991376496677,1.3137301458367179,Upper East Side South,Upper East Side North,95.22
2023-01-18,84676,2123355.32,237442.3,11.666666666666666,33.4375,9.382646626499128,1.3182129529028297,Upper East Side South,Upper East Side North,100.76
2023-01-19,92344,2306908.95,246364.13,12.25,35.73083333333319,8.460724221549231,1.3166854370614225,Upper East Side South,Upper East Side North,109.88
2023-01-20,86378,2149644.3,243379.33,11.483333333333333,33.38333333333333,9.382669715211282,1.3639005302276042,Upper East Side South,Upper East Side North,102.78
2023-01-21,96100,2327947.71,275724.46,11.033333333333333,30.716666666666665,10.384435653998295,1.447544224765869,East Village,Upper East Side North,114.35
2023-01-22,74649,1914522.05,247190.79,10.416666666666666,33.75,11.422997840784179,1.4300392503583437,JFK Airport,Upper East Side North,88.83
2023-01-23,71442,1759219.74,206128.85,10.583333333333334,33.08249999999995,9.773074972268386,1.3191819937851683,Upper East Side South,Upper East Side North,85.01
2023-01-24,82991,2024492.03,222139.92,11.483333333333333,31.533333333333335,9.245719756332663,1.315937872781386,Upper East Side South,Upper East Side North,98.75
2023-01-25,88238,2137520.48,228623.41,11.616666666666667,32.18333333333333,8.785643686854836,1.3001767945782996,Upper East Side South,Upper East Side South,105.0
2023-01-26,91161,2271555.75,252645.08,11.833333333333334,32.78333333333333,9.152491604052734,1.3176797095249064,Upper East Side South,Upper East Side North,108.48
2023-01-27,87810,2162939.9,242681.75,11.45,32.78333333333333,9.371016036058005,1.3708233686368294,Upper East Side South,Upper East Side North,104.49
2023-01-28,95808,2329419.75,269560.54,11.533333333333333,32.166666666666664,10.031549182654034,1.453563376753507,Upper East Side South,Upper East Side South,114.01
2023-01-29,73140,1874606.05,242016.0,10.7,32.200833333333385,11.487391324577274,1.422778233524747,JFK Airport,Upper East Side North,87.03
2023-01-30,66173,1658727.24,197258.21,10.916666666666666,34.11666666666667,9.956870801196205,1.3143427077508953,Upper East Side South,Upper East Side North,78.74
2023-01-31,80762,2011120.26,215239.82,11.8,36.4,8.869693251634748,1.3063445679898962,Upper East Side South,Upper East Side North,96.1
2023-02-01,86624,2118044.99,234840.89,11.566666666666666,32.8,9.288211604701164,1.3088405060953086,Midtown Center,Upper East Side North,103.08
2023-02-02,90696,2227245.21,246763.91,11.65,33.18333333333333,9.167501426871,1.3133434771103467,Upper East Side South,Upper East Side North,107.92
2023-02-03,91646,2197028.24,245740.85,11.1,32.579166666666666,9.17835998007451,1.3456015538048578,Upper East Side North,Upper East Side North,109.05
2023-02-04,84486,2012798.94,236918.96,11.0,30.733333333333334,10.128444869987199,1.440321473380205,Upper East Side North,Upper East Side North,100.53
2023-02-05,69878,1808741.07,235220.05,10.783333333333333,33.65,11.364325032545178,1.4246114656973583,JFK Airport,Upper East Side North,83.15
2023-02-06,71973,1804871.79,214418.12,10.933333333333334,34.516666666666666,9.968232871464823,1.3242604865713532,Upper East Side South,Upper East Side North,85.64
2023-02-07,85565,2086553.2,229968.44,11.516666666666667,32.86666666666667,9.213833327605155,1.3087360486180097,Midtown Center,Upper East Side North,101.82
2023-02-08,86773,2141548.22,236048.8,11.883333333333333,33.123333333333235,9.119244728599377,1.3141645442706833,Midtown Center,Upper East Side North,103.25
2023-02-09,91654,2330279.05,259429.16,12.283333333333333,35.43333333333333,8.954271085798862,1.3085735483448622,Midtown Center,Upper East Side North,109.06
2023-02-10,89397,2259634.67,255545.74,11.883333333333333,35.5,9.220096126120785,1.363088246809177,Upper East Side South,Upper East Side North,106.38
2023-02-11,98199,2443913.83,284343.55,12.0,34.38333333333333,9.74432793272504,1.457835619507327,East Village,Upper East Side North,116.85
2023-02-12,78374,2002178.07,262607.54,10.533333333333333,33.21666666666667,11.576213414650425,1.425434455304055,JFK Airport,Upper East Side North,93.26
2023-02-13,74359,1858489.52,220967.88,11.1,33.28333333333333,9.899978785759746,1.338708159066152,Upper East Side South,Upper East Side North,88.48
2023-02-14,86981,2173013.82,235628.24,12.466666666666667,34.7,8.628453978116749,1.3396833791287752,Upper East Side South,Upper East Side North,103.5
2023-02-15,87709,2280501.3,262436.27,12.0,35.333333333333336,9.476524874818798,1.3270930007182844,Midtown Center,Upper East Side North,104.37
2023-02-16,89905,2278412.99,254020.92,12.133333333333333,35.483333333333334,8.949955250223748,1.3051331961514931,Midtown Center,Upper East Side North,106.98
2023-02-17,87160,2190114.84,248059.93,11.533333333333333,36.08416666666672,9.171773069564617,1.3795204222120239,Upper East Side North,Upper East Side North,103.72
2023-02-18,89301,2251413.69,269205.39,11.716666666666667,34.15,10.172230441145393,1.4896921647014032,Midtown Center,Times Sq/Theatre District,106.26
2023-02-19,74704,1936101.89,248367.77,11.233333333333333,33.64749999999985,11.194942739280616,1.4783813450417649,JFK Airport,Times Sq/Theatre District,88.89
2023-02-20,65882,1735596.98,233392.23,10.316666666666666,35.266666666666666,11.53918004044991,1.4246531677848273,JFK Airport,Upper East Side North,78.4
2023-02-21,79192,2005295.55,232857.76,11.55,35.0,9.468399763728357,1.3375846045055055,Midtown Center,Midtown Center,94.23
2023-02-22,88939,2239240.88,246018.48,12.133333333333333,34.701666666666526,8.92553131704479,1.3397047414520065,Midtown Center,Upper East Side North,105.83
2023-02-23,91398,2336065.84,264503.67,12.166666666666666,35.13333333333333,9.149792995542475,1.3354668592310555,Upper East Side South,Upper East Side North,108.76
2023-02-24,90370,2274620.92,259083.38,11.633333333333333,34.53333333333333,9.272252599539044,1.3779794179484341,Upper East Side South,Upper East Side North,107.53
2023-02-25,96621,2398475.95,284223.58,11.516666666666667,32.61666666666667,10.10585776115091,1.4570331501433436,East Village,Upper East Side North,114.97
2023-02-26,74888,1962917.01,257209.7,10.8,34.094166666666574,11.488428879835975,1.439456254673646,JFK Airport,Upper East Side North,89.11
2023-02-27,72817,1856973.25,223517.57,11.066666666666666,36.56666666666667,9.788189232050673,1.3314198607468037,Upper East Side South,Upper East Side North,86.65
2023-02-28,80785,1999283.48,232763.45,11.0,31.883333333333333,9.685942289720883,1.319886117472303,Upper East Side South,Upper East Side North,96.13
2023-03-01,91488,2333552.53,261444.11,12.083333333333334,35.666666666666664,9.076783434101014,1.3143800279818119,Midtown Center,Upper East Side North,108.87
2023-03-02,93931,2404916.1,269572.67,12.15,35.9,9.066636444545187,1.3166260340036835,Midtown Center,Upper East Side North,111.77
2023-03-03,90933,2266060.71,256188.27,11.566666666666666,34.773333333333234,9.200744173064862,1.3634434143820175,Upper East Side South,Upper East Side North,108.2
2023-03-04,96698,2400437.66,284080.05,11.516666666666667,33.46666666666667,9.972199723216058,1.4487993546919276,Upper East Side North,Upper East Side North,115.06
2023-03-05,80117,2112246.8,272506.57,11.033333333333333,36.01999999999995,11.15137998327293,1.4294219703683364,JFK Airport,Upper East Side North,95.33
2023-03-06,72885,1881798.35,221656.42,11.416666666666666,36.95,9.579783631343036,1.3296151471496194,Upper East Side South,Upper East Side North,86.73
2023-03-07,90068,2232882.2,242817.02,11.783333333333333,33.483333333333334,9.02811128150278,1.3223453390771418,Upper East Side South,Upper East Side South,107.18
2023-03-08,93024,2378094.7,254714.5,12.35,35.75,8.730325733382713,1.3216804265565876,Midtown Center,Upper East Side North,110.69
2023-03-09,95774,2460535.55,270405.62,12.35,36.2,8.903139647035674,1.3203896673418674,Midtown Center,Upper East Side North,113.97
2023-03-10,94937,2416538.02,270362.77,11.966666666666667,38.25,8.950939703479252,1.3669907412283935,Upper East Side South,Upper East Side North,112.97
2023-03-11,94534,2338697.64,279318.04,11.3,33.083333333333336,10.135233336170018,1.4577189159455857,Upper East Side South,Upper East Side North,112.49
2023-03-12,78056,2055134.28,269958.23,10.816666666666666,38.5,11.35707187545269,1.4498693245874756,JFK Airport,Upper East Side North,92.88
2023-03-13,78620,2003193.58,232145.49,11.5,36.483333333333334,9.214993476981569,1.3441363520732639,Midtown Center,Upper East Side North,93.55
2023-03-14,86122,2146027.85,241123.55,11.566666666666666,33.583333333333336,9.228264927296907,1.3381365969206473,Midtown Center,Upper East Side North,102.48
2023-03-15,94629,2473418.11,270813.86,12.683333333333334,38.9,8.727251570299225,1.3319489796996693,Midtown Center,Upper East Side North,112.6
2023-03-16,97072,2573212.32,283521.49,13.05,39.5,8.635704749716588,1.3361113400362616,Upper East Side South,Upper East Side North,115.51
2023-03-17,86623,2324178.76,261865.89,12.633333333333333,42.45,9.090853994824274,1.3884995901781283,Upper East Side North,Upper East Side North,103.08
2023-03-18,103072,2627895.23,316552.04,11.783333333333333,35.36666666666667,10.120372188867513,1.4649371313256752,East Village,Upper East Side North,122.65
2023-03-19,82748,2251628.4,291584.95,11.0,39.9,11.030762771099022,1.4393338811814183,JFK Airport,Upper East Side North,98.47
2023-03-20,70282,1861137.83,230391.45,11.083333333333334,40.38333333333333,10.152556320919079,1.3341822941862782,JFK Airport,Midtown Center,83.63
2023-03-21,79924,2060641.97,237053.22,11.916666666666666,36.86666666666667,9.444832444725936,1.3292627996596766,Midtown Center,Midtown Center,95.1
2023-03-22,82999,2160417.62,243352.44,12.2,37.0,9.303295523901378,1.315365245364402,Midtown Center,Midtown Center,98.76
2023-03-23,89349,2341184.21,267035.82,12.266666666666667,38.74333333333319,9.220617999387473,1.330356243494611,Midtown Center,Midtown Center,106.32
2023-03-24,85683,2205877.77,259640.11,11.55,36.833333333333336,9.762672151842095,1.378534831880303,Midtown Center,Upper East Side North,101.96
2023-03-25,98534,2447674.01,293002.16,11.383333333333333,33.583333333333336,9.952167480381695,1.4534881360748575,East Village,Times Sq/Theatre District,117.25
2023-03-26,77195,2116735.32,278942.86,11.583333333333334,38.38833333333338,11.11758820100364,1.4574648617138415,JFK Airport,Upper East Side North,91.86
2023-03-27,74198,1935283.1,235447.19,11.2,38.61666666666667,9.847916557751951,1.345022776894256,Midtown Center,Upper East Side North,88.29
2023-03-28,82746,2131715.51,243171.98,12.1,35.62916666666666,9.309000062609428,1.32745993764049,Midtown Center,Midtown Center,98.46
2023-03-29,87497,2277805.6,259253.76,12.216666666666667,37.16999999999995,9.341250242513228,1.3303998994251232,Midtown Center,Midtown Center,104.12
2023-03-30,93722,2466450.91,279101.54,12.283333333333333,40.333333333333336,9.159380466480979,1.3336463156996223,Midtown Center,Midtown Center,111.52
2023-03-31,89286,2333694.88,274012.13,11.8,38.89583333333333,9.522780702233948,1.384965168111462,Upper East Side South,Upper East Side North,106.25
2023-04-01,99177,2510256.03,305214.49,11.55,35.4,10.101383985127324,1.4685461346884863,JFK Airport,Upper East Side North,118.01
2023-04-02,82806,2228259.4899999998,293445.64,11.1,37.416666666666664,11.138360924155801,1.472888438035891,JFK Airport,Upper East Side North,98.53
2023-04-03,76557,2010819.72,239180.67,11.8,39.18333333333333,9.54339564620865,1.3669292161396085,Upper East Side South,Upper East Side North,91.1
2023-04-04,86279,2182557.81,252112.88,11.533333333333333,34.50166666666652,9.571545255583512,1.3681660659024792,Upper East Side South,Upper East Side North,102.67
2023-04-05,93165,2408867.86,263331.65,12.433333333333334,39.25,8.592724548081366,1.3664788278860087,Upper East Side South,Upper East Side North,110.86
2023-04-06,85300,2205053.47,258781.56,11.766666666666667,35.416666666666664,9.6697867736758,1.4002227432590857,Midtown Center,Upper East Side North,101.5
2023-04-07,83247,2085338.98,248623.81,11.033333333333333,32.86666666666667,10.28567263394659,1.457013465950725,Midtown Center,Upper East Side North,99.06
2023-04-08,87174,2159816.94,262086.53,11.216666666666667,32.516666666666666,10.557940061081698,1.52007479294285,Midtown Center,Times Sq/Theatre District,103.73
2023-04-09,73405,1956928.35,259425.39,10.883333333333333,38.76333333333338,11.567024069920592,1.515101151147742,JFK Airport,Upper East Side North,87.35
2023-04-10,69643,1848133.3,228505.68,11.333333333333334,39.681666666666565,10.147184443569124,1.3963355972603133,Midtown Center,Upper East Side North,82.87
2023-04-11,82946,2157414.03,249758.96,12.15,35.3,9.42104405755293,1.3635738914474478,Midtown Center,Upper East Side North,98.7
2023-04-12,89681,2302582.76,261757.11,12.116666666666667,34.11666666666667,9.384567258629444,1.3636444731883008,Midtown Center,Upper East Side North,106.72
2023-04-13,96274,2530952.33,287063.83,12.583333333333334,37.583333333333336,9.23072764177667,1.369445540852151,Upper East Side South,Upper East Side South,114.56
2023-04-14,96860,2519619.2,292604.54,11.95,37.31666666666667,9.521677032541092,1.4096944042948585,Upper East Side South,Upper East Side North,115.26
2023-04-15,101577,2657977.85,319394.06,12.083333333333334,38.6,10.153611839726775,1.468373746025183,Upper East Side South,Upper East Side North,120.87
2023-04-16,81374,2216453.54,296241.67,11.066666666666666,38.516666666666666,11.423050562191012,1.461928871629759,JFK Airport,Upper East Side North,96.83
2023-04-17,76454,2041729.28,250716.35,11.516666666666667,39.48916666666652,9.86472445002644,1.335862087006566,Upper East Side South,Upper East Side North,90.98
2023-04-18,91637,2412448.39,270490.85,12.516666666666667,39.053333333333285,8.92900730540827,1.3227735521677926,Upper East Side South,Upper East Side North,109.04
2023-04-19,93928,2479001.95,275126.73,12.816666666666666,39.06666666666667,8.899071858255205,1.3148049569883316,Upper East Side South,Upper East Side North,111.77
2023-04-20,98755,2675117.57,295510.85,13.166666666666666,43.016666666666666,8.711632164143094,1.338149967090274,Upper East Side South,Upper East Side North,117.51
2023-04-21,89733,2350168.68,281892.21,11.566666666666666,39.72333333333324,9.975176608922922,1.372237638327037,Upper East Side South,Upper East Side North,106.78
2023-04-22,101446,2608035.13,315222.55,12.05,38.65,9.941245336361963,1.4590225341561027,Upper East Side South,Upper East Side North,120.71
2023-04-23,80913,2283415.58,306650.6,11.666666666666666,46.45,11.14018276728969,1.4384585913264865,JFK Airport,Upper East Side North,96.28
2023-04-24,77587,2103993.95,252962.83,12.15,39.78333333333333,9.424061566347097,1.3349787979945094,Upper East Side South,Upper East Side North,92.32
2023-04-25,89830,2401738.84,267306.79,13.15,38.5,8.60551597637945,1.3213848380273852,Upper East Side South,Upper East Side South,106.89
2023-04-26,95600,2555115.1,278888.28,13.15,39.634166666666715,8.62175092983963,1.3140899581589958,Upper East Side South,Upper East Side South,113.76
2023-04-27,98267,2681951.65,297195.66,13.4,42.333333333333336,8.530079373111455,1.3262743342118921,Upper East Side South,Upper East Side North,116.93
2023-04-28,96439,2560063.73,288523.63,12.683333333333334,41.36666666666667,8.571346939552956,1.3675587677184542,Upper East Side South,Upper East Side North,114.76
2023-04-29,95249,2506765.4,289141.41,12.616666666666667,41.38333333333333,8.943699691689236,1.437673886340014,Upper East Side South,Upper East Side North,113.34
2023-04-30,78900,2208594.76,281147.88,12.1,46.983333333333334,10.066423615208823,1.426894803548796,JFK Airport,Upper East Side North,93.89
2023-05-01,77367,2163760.97,265739.36,12.416666666666666,41.91166666666662,9.374912110198967,1.3208086134915402,JFK Airport,Upper East Side South,92.06
2023-05-02,92255,2433897.27,267944.01,12.9,38.483333333333334,8.497977497291844,1.3111376077177388,Upper East Side South,Upper East Side North,109.78
2023-05-03,95327,2523446.42,275845.15,12.9,38.994999999999955,8.600629757223333,1.307268664701501,Upper East Side South,Upper East Side North,113.43
2023-05-04,101160,2701451.57,293033.54,13.2,40.450833333333144,8.421017174664527,1.313869118228549,Upper East Side South,Upper East Side North,120.37
2023-05-05,95502,2517780.37,287238.31,12.366666666666667,40.016666666666666,9.010248857726886,1.3647148750811502,Upper East Side South,Upper East Side North,113.64
2023-05-06,104409,2698248.15,320614.76,12.35,36.733333333333334,9.787146331102921,1.4500569874244558,Upper East Side South,Upper East Side North,124.24
2023-05-07,83837,2329492.22,309738.68,11.333333333333334,43.653333333333286,11.16322901353312,1.4418335579755954,JFK Airport,Upper East Side North,99.76
2023-05-08,76748,2072095.73,247992.39,12.066666666666666,38.9,9.486953661444481,1.328490644707354,Upper East Side South,Upper East Side North,91.33
2023-05-09,91861,2422726.85,267072.36,12.833333333333334,38.45,8.70550307281499,1.3124938766179337,Upper East Side South,Upper East Side North,109.31
2023-05-10,96226,2626559.18,279629.49,13.7,43.3,8.225181646303916,1.3095109429883816,Upper East Side South,Upper East Side South,114.5
2023-05-11,102627,2777199.09,306744.78,13.266666666666667,41.528333333333286,8.626839919880837,1.3186685764954642,Upper East Side South,Upper East Side South,122.12
2023-05-12,98880,2663064.89,300093.4,12.85,43.6,8.756710668806045,1.3698624595469255,Upper East Side South,Upper East Side South,117.66
2023-05-13,104994,2753073.15,328488.94,12.55,39.38333333333333,9.575998360222862,1.4579214050326685,Upper East Side South,Upper East Side North,124.94
2023-05-14,91285,2482669.04,328441.66,11.433333333333334,43.71666666666667,10.999877779135787,1.4723558087308977,JFK Airport,Upper East Side South,108.62
2023-05-15,84854,2307007.99,274461.64,12.3,41.13333333333333,9.336279967712027,1.3332311971150446,Upper East Side South,Upper East Side South,100.97
2023-05-16,99378,2693023.52,292231.88,13.583333333333334,40.78583333333324,8.31480863373674,1.335064098693876,Upper East Side South,Upper East Side South,118.25
2023-05-17,105055,2873301.05,311429.84,13.8,42.88833333333314,8.336778921254492,1.332977963923659,Upper East Side South,Upper East Side South,125.01
2023-05-18,106433,2957353.98,323161.28,14.0,44.86666666666667,8.288787684420077,1.3429951236928397,Upper East Side South,Upper East Side North,126.65
2023-05-19,100555,2669917.32,303857.45,12.533333333333333,41.333333333333336,8.904719501335709,1.3890905474615882,Upper East Side South,Upper East Side South,119.65
2023-05-20,102300,2752685.39,326459.47,12.783333333333333,42.916666666666664,9.49372768425231,1.4430596285434996,East Village,Upper East Side North,121.73
2023-05-21,84509,2432811.31,317453.62,12.466666666666667,45.983333333333334,10.637498842800824,1.4414322734856642,JFK Airport,Upper East Side North,100.56
2023-05-22,81113,2164692.01,260578.36,11.783333333333333,39.3,9.664312780114065,1.345172783647504,Upper East Side South,Upper East Side North,96.52
2023-05-23,92679,2442023.07,271710.25,12.833333333333334,37.833333333333336,8.812028163223447,1.3269996439322824,Upper East Side South,Upper East Side North,110.28
2023-05-24,99649,2626360.12,289217.44,12.883333333333333,39.05999999999985,8.58914746694838,1.325632971730775,Upper East Side South,Upper East Side South,118.58
2023-05-25,92855,2513587.72,285709.57,12.983333333333333,43.35500000000005,8.689583258621308,1.3438802433902322,Upper East Side South,Upper East Side North,110.49
2023-05-26,80428,2143364.57,260109.45,12.016666666666667,39.63333333333333,9.717963836113352,1.4134256726513155,Upper East Side South,Upper East Side North,95.7
2023-05-27,80041,2112180.05,269234.06,11.766666666666667,37.71666666666667,10.904653265951733,1.5167976412088804,JFK Airport,Times Sq/Theatre District,95.24
2023-05-28,69653,1900131.06,255073.44,11.733333333333333,38.3,11.515280363474462,1.5281466699208937,JFK Airport,Times Sq/Theatre District,82.88
2023-05-29,61170,1724824.56,247269.35,10.65,38.9591666666666,12.371793452384175,1.4756743501716527,JFK Airport,Upper East Side North,72.79
2023-05-30,79364,2133422.43,250913.3,12.433333333333334,41.380833333333186,9.022474985188103,1.3433924701375939,Upper East Side South,Upper East Side North,94.44
2023-05-31,91419,2423532.53,267311.89,13.183333333333334,39.56666666666667,8.527866835328922,1.3355320010063554,Upper East Side South,Upper East Side North,108.78
2023-06-01,97769,2645015.45,287010.48,13.7,42.4,8.203960530471784,1.3387065429737441,Upper East Side South,Upper East Side North,116.34
2023-06-02,93540,2432250.82,273321.22,12.4,40.21750000000005,8.73468287611755,1.3707184092366902,Upper East Side South,Upper East Side North,111.31
2023-06-03,100727,2619067.55,318594.59,12.25,36.93333333333333,9.86285156956324,1.461425437072483,Upper East Side South,Upper East Side North,119.86
2023-06-04,82488,2347859.28,307753.04,12.333333333333334,43.75,10.620579787231934,1.44787120550868,JFK Airport,Upper East Side North,98.16
2023-06-05,80486,2144739.98,256463.05,11.966666666666667,38.86666666666667,9.431122474565113,1.343674676341227,Upper East Side South,Upper East Side North,95.77
2023-06-06,96338,2552065.29,276750.89,13.116666666666667,38.81666666666667,8.45215050708933,1.3260188087774294,Upper East Side South,Upper East Side North,114.64
2023-06-07,99076,2628759.88,282760.89,13.1,40.05,8.321920797341752,1.3241148209455367,Upper East Side South,Upper East Side South,117.89
2023-06-08,94803,2497771.41,278855.31,12.633333333333333,36.4,8.861505742132646,1.3513390926447475,Upper East Side South,Upper East Side North,112.81
2023-06-09,90490,2382081.72,274587.26,12.2,39.733333333333334,9.144857439889382,1.3872803624709913,Upper East Side South,Upper East Side North,107.68
2023-06-10,95764,2490239.2399999998,302037.78,11.933333333333334,38.63333333333333,10.164562382648715,1.460715926653022,Upper East Side South,Upper East Side North,113.95
2023-06-11,79250,2256723.17,303973.37,11.783333333333333,43.96666666666667,11.10028201768519,1.4493627760252366,JFK Airport,Upper East Side North,94.3
2023-06-12,83883,2602524.0100000002,263109.03,11.833333333333334,40.416666666666664,9.267244153269921,1.3407007379325966,Upper East Side South,Upper East Side North,99.82
2023-06-13,93050,2458087.42,271681.43,12.9,38.2,8.680164474574623,1.3326598602901665,Upper East Side South,Upper East Side North,110.72
2023-06-14,97389,2562699.54,276943.22,12.966666666666667,39.61666666666667,8.540311787277702,1.3310230108123093,Upper East Side South,Upper East Side North,115.89
2023-06-15,100683,2704300.6,303709.82,13.016666666666667,40.564999999999905,8.717926364291374,1.3445070170733888,Upper East Side South,Upper East Side South,119.81
2023-06-16,87619,2340159.71,274180.91,12.4,42.08499999999986,9.126668011253969,1.3807735765073785,Upper East Side South,Upper East Side North,104.26
2023-06-17,90210,2349633.48,290109.15,11.866666666666667,37.63333333333333,10.231690732744685,1.4745150205077042,JFK Airport,Times Sq/Theatre District,107.34
2023-06-18,75760,2068419.49,281228.64,11.133333333333333,41.21666666666667,11.6537565097377,1.4863912354804647,JFK Airport,Times Sq/Theatre District,90.15
2023-06-19,65470,1775452.79,230606.58,10.866666666666667,43.09249999999993,10.771551764865213,1.4169848785703376,JFK Airport,Upper East Side South,77.91
2023-06-20,85253,2313060.29,257088.17,13.266666666666667,41.88333333333333,8.727114052471773,1.3417475044866456,Upper East Side South,Upper East Side South,101.45
2023-06-21,92116,2468856.19,271562.67,13.2,40.05,8.695589162415638,1.343186851361327,Upper East Side South,Upper East Side South,109.61
2023-06-22,96095,2550925.17,285414.26,12.9,39.583333333333336,8.837957521830164,1.3417867735053852,Midtown Center,Midtown Center,114.35
2023-06-23,89528,2366684.99,275406.45,12.233333333333333,40.016666666666666,9.226196265656895,1.3989366455187204,Midtown Center,Upper East Side North,106.53
2023-06-24,91924,2438736.19,297328.46,12.116666666666667,39.166666666666664,10.159223971059145,1.4733801836299552,JFK Airport,Clinton East,109.38
2023-06-25,76585,2191191.42,288902.73,12.05,43.11666666666667,10.962946721560412,1.4550107723444539,JFK Airport,Clinton East,91.13
2023-06-26,78183,2125306.82,257499.54,12.083333333333334,41.25,9.449787379783956,1.3625852167350958,JFK Airport,Midtown Center,93.03
2023-06-27,87128,2347725.15,270970.62,12.516666666666667,40.527499999999904,9.106264203315481,1.3407056285005967,Upper East Side South,Midtown Center,103.68
2023-06-28,82180,2193561.56,258753.05,11.983333333333333,39.3,9.648877549740128,1.3254441469944025,Upper East Side South,Midtown Center,97.79
2023-06-29,81708,2283686.12,264677.3,13.05,46.82749999999991,9.046223981416295,1.3445562246046898,Upper East Side South,Midtown Center,97.23
2023-06-30,74303,1992531.68,244979.55,11.75,41.766666666666666,9.805634812329515,1.3982611738422406,JFK Airport,Midtown Center,88.42
2023-07-01,68290,1806859.24,235569.89,11.316666666666666,38.13333333333333,11.03059457969609,1.503221555132523,JFK Airport,Times Sq/Theatre District,81.26
2023-07-02,56859,1509516.81,201626.21,10.966666666666667,35.766666666666666,11.452766458155622,1.5319650363179091,JFK Airport,Times Sq/Theatre District,67.66
2023-07-03,50223,1312416.21,172065.7,10.333333333333334,34.88333333333333,11.270643509545792,1.4869083885869023,JFK Airport,Times Sq/Theatre District,59.76
2023-07-04,46838,1281270.11,178705.23,10.383333333333333,38.06666666666667,11.844653159424446,1.5271574362696956,JFK Airport,Murray Hill,55.73
2023-07-05,66684,1745554.43,214053.74,11.35,38.86416666666664,9.94235198671024,1.4029452342390978,JFK Airport,Midtown Center,79.35
2023-07-06,74070,1944361.78,222985.86,12.35,38.983333333333334,9.023292878304689,1.389901444579452,Midtown Center,Midtown Center,88.14
2023-07-07,71414,1858649.43,219866.14,11.783333333333333,39.016666666666666,9.522719715549062,1.4175371775842271,Midtown Center,Midtown Center,84.98
2023-07-08,76604,2009560.79,253448.74,11.533333333333333,39.28333333333333,10.517133231648366,1.502506396532818,JFK Airport,Clinton East,91.15
2023-07-09,66208,1813841.71,243493.23,11.25,39.583333333333336,11.133814011698751,1.4848658772353793,JFK Airport,Clinton East,78.78
2023-07-10,68491,1831981.58,225552.13,11.6,38.891666666666666,9.835968826536133,1.3675519411309516,JFK Airport,Midtown Center,81.5
2023-07-11,81820,2163716.74,245722.61,12.583333333333334,38.9,8.963986347935398,1.3425934979222685,Midtown Center,Midtown Center,97.36
2023-07-12,88106,2310020.92,251448.55,12.8,37.8,8.80256385404865,1.351928359022087,Midtown Center,Midtown Center,104.84
2023-07-13,89731,2357998.75,258455.71,12.85,38.7,8.650409850787712,1.3501131158685404,Midtown Center,Midtown Center,106.77
2023-07-14,77563,2045738.31,238143.82,12.266666666666667,39.2,9.187300385265713,1.4024857212846331,Midtown Center,Midtown Center,92.3
2023-07-15,85649,2258438.47,278876.49,12.2,39.226666666666524,10.027009483106113,1.4879916870015995,JFK Airport,Midtown Center,101.92
2023-07-16,66473,1849953.91,245761.37,11.65,38.5,10.992305996486127,1.4699502053465316,JFK Airport,Times Sq/Theatre District,79.1
2023-07-17,73095,1969250.39,240314.64,11.8,40.75,9.682472338826674,1.368109993843628,JFK Airport,Midtown Center,86.98
2023-07-18,84684,2240778.58,248440.82,12.8,37.93333333333333,8.8122506998557,1.331007037929243,Midtown Center,Midtown Center,100.77
2023-07-19,87605,2325098.35,256822.1,12.916666666666666,37.96666666666667,8.834344350905932,1.3327207351178585,Midtown Center,Midtown Center,104.24
2023-07-20,88217,2342912.75,261642.52,13.0,39.56666666666667,8.853791329873797,1.3459763991067482,Midtown Center,Midtown Center,104.97
2023-07-21,78658,2062280.52,243728.02,11.95,38.56666666666667,9.511591164788651,1.404752218464746,Midtown Center,Midtown Center,93.6
2023-07-22,84005,2231116.85,277851.7,12.083333333333334,39.630000000000045,10.385676842080013,1.4843997381108267,JFK Airport,Times Sq/Theatre District,99.96
2023-07-23,70695,1928846.38,256070.01,11.483333333333333,41.3,11.22067430018836,1.480698776433977,JFK Airport,Times Sq/Theatre District,84.12
2023-07-24,70164,1838209.88,223920.64,11.533333333333333,37.0,9.850245498841806,1.370831195484864,JFK Airport,Midtown Center,83.49
2023-07-25,82639,2183145.98,234920.13,13.15,39.516666666666666,8.435351196323277,1.3480075993175136,Midtown Center,Midtown Center,98.34
2023-07-26,86157,2315190.98,254617.68,12.85,40.61666666666667,8.793772299311918,1.3429785159650405,Midtown Center,Midtown Center,102.52
2023-07-27,89911,2357778.23,260889.16,12.583333333333334,39.0,8.830088715976801,1.3492564869704486,Midtown Center,Midtown Center,106.99
2023-07-28,80165,2098171.28,246854.71,11.866666666666667,40.93333333333333,9.435982646537234,1.4060500218299756,Midtown Center,Midtown Center,95.39
2023-07-29,82360,2138014.1,263786.2,11.766666666666667,37.21666666666667,10.317331054050598,1.484701311316173,JFK Airport,Times Sq/Theatre District,98.0
2023-07-30,70983,1993539.79,270869.65,11.683333333333334,43.6149999999999,11.33746447318431,1.4753109899553414,JFK Airport,Times Sq/Theatre District,84.47
2023-07-31,66844,1781657.57,222921.17,11.45,39.416666666666664,10.130584541312452,1.377251510980791,JFK Airport,Midtown Center,79.54
2023-08-01,77903,2030599.64,232546.23,12.35,36.98166666666657,9.219454372760032,1.3380100894702387,Midtown Center,Midtown Center,92.7
2023-08-02,80695,2108718.04,238961.59,12.5,37.505000000000045,9.255981048652327,1.34793977322015,Midtown Center,Midtown Center,96.02
2023-08-03,81591,2135548.58,244342.38,12.483333333333333,37.96666666666667,9.15569033420692,1.3557500214484441,Midtown Center,Midtown Center,97.09
2023-08-04,71567,1890188.02,223904.23,12.1,39.1,9.536378369586583,1.4073106319951934,Midtown Center,Midtown Center,85.16
2023-08-05,78501,2037901.3,254121.5,11.816666666666666,37.28333333333333,10.395079905337903,1.5040700118469827,JFK Airport,Times Sq/Theatre District,93.41
2023-08-06,65595,1779935.9,239106.07,11.133333333333333,41.15,11.4493835059639,1.4976446375485937,JFK Airport,Times Sq/Theatre District,78.05
2023-08-07,65664,1718996.41,212302.08,11.35,38.51416666666664,9.975016012531327,1.3648422270955165,JFK Airport,Midtown Center,78.14
2023-08-08,75557,1976581.83,230595.61,12.25,36.9,9.314626691160685,1.3381950050954907,Midtown Center,Midtown Center,89.91
2023-08-09,79802,2064905.02,235152.41,12.116666666666667,37.28249999999995,9.344013624101496,1.3497782010475927,Midtown Center,Midtown Center,94.96
2023-08-10,82997,2171760.76,241432.59,12.65,38.78666666666662,8.665139618156182,1.343687121221249,Midtown Center,Midtown Center,98.76
2023-08-11,72065,1905591.05,230349.88,11.933333333333334,39.96666666666667,9.671537858100631,1.410365642128634,JFK Airport,Midtown Center,85.75
2023-08-12,75965,1998205.84,249582.81,11.9,38.0,10.415879297318744,1.4926347660106627,JFK Airport,Times Sq/Theatre District,90.39
2023-08-13,64861,1858246.98,246985.11,12.116666666666667,44.9,11.159658262365719,1.4793943972495027,JFK Airport,Clinton East,77.18
2023-08-14,65420,1725862.67,215540.31,11.266666666666667,39.1,10.182165471794796,1.3842250076429226,JFK Airport,Midtown Center,77.85
2023-08-15,74115,1904024.13,221274.56,11.783333333333333,36.2,9.485252270945864,1.34700128179181,Midtown Center,Midtown Center,88.19
2023-08-16,79299,2057179.31,238538.9,11.966666666666667,37.46666666666667,9.377689030621918,1.3499035296788107,Midtown Center,Midtown Center,94.36
2023-08-17,79063,2054078.7,237639.01,12.033333333333333,37.431666666666565,9.331758531877057,1.3570570304693725,Midtown Center,Midtown Center,94.08
2023-08-18,69868,1853903.99,223517.92,11.95,41.1,9.710995851809844,1.4081124406022787,JFK Airport,Midtown Center,83.14
2023-08-19,75669,2049282.13,257863.95,12.383333333333333,41.28333333333333,10.357222074247176,1.4877162378252653,JFK Airport,Times Sq/Theatre District,90.04
2023-08-20,63259,1793205.78,243177.24,11.683333333333334,43.7,11.429119808861104,1.4779873219620923,JFK Airport,East Chelsea,75.27
2023-08-21,62159,1646763.24,209648.53,11.0,38.53333333333333,10.3337535370409,1.3787544844672532,JFK Airport,Midtown Center,73.97
2023-08-22,68502,1799160.3,214597.84,11.941666666666666,38.18333333333333,9.497726843333464,1.3557268400922602,Midtown Center,Midtown Center,81.51
2023-08-23,72963,1905011.78,222048.95,12.05,38.2,9.457554984750118,1.3611693598125076,Midtown Center,Midtown Center,86.82
2023-08-24,75188,1995089.84,229158.31,12.366666666666667,40.983333333333334,8.960281372218192,1.349271160291536,Midtown Center,Midtown Center,89.47
2023-08-25,68991,1812651.16,219114.79,11.783333333333333,38.81666666666667,9.59014035211389,1.4017045701613253,JFK Airport,Midtown Center,82.1
2023-08-26,75943,2018098.97,256384.81,11.916666666666666,39.18333333333333,10.451555106607705,1.484073581501916,JFK Airport,Times Sq/Theatre District,90.37
2023-08-27,65658,1823956.72,245693.02,11.516666666666667,41.733333333333334,11.312227251687062,1.4778854061957416,JFK Airport,Upper East Side North,78.13
2023-08-28,60406,1629138.26,209087.79,11.266666666666667,41.35,10.247521278151549,1.368688540873423,JFK Airport,Midtown Center,71.88
2023-08-29,74954,2019098.31,237613.01,12.6,39.13333333333333,9.438125894087518,1.3493609413773782,Midtown Center,Midtown Center,89.19
2023-08-30,72919,1954102.96,225589.44,12.5,40.95,9.137933736692585,1.3452598088289747,Midtown Center,Midtown Center,86.77
2023-08-31,70800,1962380.84,235343.85,12.75,45.9,9.241455207223535,1.363813559322034,JFK Airport,Midtown Center,84.25
2023-09-01,66231,1819045.01,224667.33,12.083333333333334,45.03333333333333,9.735775579052234,1.4235327867614864,JFK Airport,Midtown Center,78.81
2023-09-02,68821,2045361.95,242151.39,11.75,39.083333333333336,10.76919395147367,1.5405617471411341,JFK Airport,Times Sq/Theatre District,81.89
2023-09-03,64646,1810742.83,245268.85,11.666666666666666,42.912499999999994,11.29268642460978,1.534294465241469,JFK Airport,Times Sq/Theatre District,76.92
2023-09-04,57245,1654789.6,237353.68,10.483333333333333,41.53333333333333,12.20334846322555,1.4854048388505547,JFK Airport,Upper East Side North,68.12
2023-09-05,80580,2325183.93,258669.29,12.233333333333333,42.85,9.087259536092155,1.338632414991313,JFK Airport,Upper East Side North,95.89
2023-09-06,93976,2530335.61,268862.6,13.55,41.06666666666667,8.146168914021983,1.3245509491785137,Upper East Side South,Upper East Side South,111.83
2023-09-07,103164,2787795.97,289466.04,13.983333333333333,42.083333333333336,7.895194884579791,1.3288938001628474,Upper East Side South,Upper East Side South,122.76
2023-09-08,97835,2708228.1,294236.39,13.883333333333333,45.0,7.935852659272162,1.3660959779220117,Upper East Side South,Upper East Side South,116.42
2023-09-09,98289,2686613.7,308861.98,13.5,42.083333333333336,8.746423438161308,1.4502945395720783,JFK Airport,Upper East Side South,116.96
2023-09-10,85383,2374329.54,301557.87,12.233333333333333,41.45,10.10200370692516,1.4372181816052376,JFK Airport,Upper East Side North,101.6
2023-09-11,82990,2316009.12,262894.25,13.133333333333333,43.833333333333336,8.47843992600124,1.323942643692011,Upper East Side South,Upper East Side North,98.75
2023-09-12,93304,2584597.0,274578.86,13.95,43.5,8.081569979662728,1.3084326502615107,Upper East Side South,Upper East Side South,111.03
2023-09-13,93913,2541606.33,264838.96,13.866666666666667,40.95,8.089724028053366,1.302652454931692,Upper East Side South,Upper East Side South,111.75
2023-09-14,98029,2704960.88,286164.78,14.0,43.833333333333336,7.996126167255577,1.3180487406787786,Upper East Side South,Upper East Side South,116.65
2023-09-15,90340,2449283.05,271054.11,13.25,42.71666666666667,8.311401883790275,1.3704671241974762,Upper East Side South,Upper East Side North,107.5
2023-09-16,93488,2487111.95,292029.08,12.75,40.41083333333324,9.229282214550665,1.4598558103713846,Upper East Side South,Upper East Side North,111.25
2023-09-17,75020,2210733.77,273841.85,12.85,51.46750000000005,9.898281558425204,1.4290855771794189,JFK Airport,Upper East Side North,89.27
2023-09-18,73706,2126773.41,236672.52,13.716666666666667,50.166666666666664,8.347699056792933,1.319743304479961,JFK Airport,Upper East Side North,87.71
2023-09-19,81575,2269642.25,241905.62,13.933333333333334,44.583333333333336,8.094617079642038,1.3143977934416182,Upper East Side South,Upper East Side South,97.07
2023-09-20,84550,2378750.68,249804.79,14.1,46.67583333333338,8.215856649736189,1.3203193376700177,Upper East Side North,Upper East Side North,100.61
2023-09-21,34615,932252.44,105042.92,13.9,44.48833333333326,8.084728144660218,1.259742886032067,Upper East Side North,Midtown Center,41.19
2023-09-22,2462,66558.26,11160.14,18.78333333333333,49.0,10.206111326631978,1.0012185215272136,Upper West Side South,LaGuardia Airport,2.93
2023-09-23,3388,82937.96,13320.83,17.266666666666666,37.98249999999998,9.879831835964001,1.001180637544274,East Village,Upper East Side North,4.03
2023-09-24,2847,70750.6,12341.75,15.316666666666666,36.14499999999997,11.69401123848871,1.0077274323849665,Upper West Side South,LaGuardia Airport,3.39
2023-09-25,70564,1803899.84,217073.34,10.733333333333333,37.333333333333336,9.589695671521369,1.367056856187291,Upper East Side North,Upper East Side North,83.97
2023-09-26,89192,2380542.72,248346.58,13.65,41.36666666666667,7.77595334438071,1.3041416270517536,Midtown Center,Upper East Side North,106.13
2023-09-27,93711,2508021.68,267504.88,13.483333333333333,40.9,8.14195810238421,1.3136131297286338,Upper East Side South,Upper East Side South,111.51
2023-09-28,99377,2702982.66,281304.2,13.95,44.719999999999956,7.682870613141856,1.312577356933697,Upper East Side South,Upper East Side South,118.25
2023-09-29,80412,2446575.26,278102.38,14.266666666666667,59.833333333333336,8.483982100338837,1.341006317465055,JFK Airport,Upper East Side North,95.69
2023-09-30,95635,2482637.26,293002.33,12.216666666666667,36.8,9.458379198101305,1.4476185496941496,JFK Airport,Upper East Side South,113.8
2023-10-01,82665,2341469.95,295581.3,12.383333333333333,42.88333333333333,10.206849623679892,1.4395935401923425,JFK Airport,Upper East Side North,98.37
2023-10-02,77220,2094175.25,242421.83,12.633333333333333,41.3,9.026725396074195,1.3312483812483813,Upper East Side South,Upper East Side North,91.89
2023-10-03,89207,2358481.31,254107.25,12.983333333333333,39.61666666666667,8.417504902904332,1.3210286188303608,Upper East Side South,Upper East Side South,106.15
2023-10-04,94079,2477411.15,265960.91,13.05,38.93333333333333,8.376088346940351,1.316383039785712,Upper East Side South,Upper East Side South,111.95
2023-10-05,96376,2601858.87,280655.84,13.516666666666667,40.85,8.198412052086315,1.3277371959824023,Midtown Center,Upper East Side South,114.68
2023-10-06,89437,2396153.79,266387.92,13.05,41.266666666666666,8.421008310482577,1.3891230698704116,Upper East Side South,Upper East Side North,106.42
2023-10-07,94853,2441192.26,280423.78,12.383333333333333,36.15,9.24046381994785,1.4803221827459332,Midtown Center,Midtown Center,112.87
2023-10-08,78878,2240539.96,280511.89,12.75,41.88333333333333,10.099780947685923,1.4647683764801338,JFK Airport,Upper East Side North,93.86
2023-10-09,69924,1950259.94,247618.28,12.0,42.85,9.988729888175186,1.3781534237171786,JFK Airport,Upper East Side North,83.21
2023-10-10,86704,2358252.14,256989.49,13.516666666666667,40.666666666666664,8.269858392738342,1.328416220704927,Upper East Side South,Upper East Side South,103.17
2023-10-11,93016,2506827.07,266869.52,13.583333333333334,40.333333333333336,8.094640070172481,1.325632149307646,Upper East Side South,Upper East Side North,110.68
2023-10-12,98894,2751596.82,291277.59,14.216666666666667,44.666666666666664,7.903769279958242,1.3288874957024692,Upper East Side South,Upper East Side South,117.68
2023-10-13,91223,2469437.65,274984.63,13.116666666666667,41.79833333333323,8.571342137726342,1.3851331352838647,Upper East Side South,Upper East Side North,108.55
2023-10-14,101295,2676882.96,304724.93,12.7,41.016666666666666,8.965702759687789,1.4461720716718496,JFK Airport,Upper East Side North,120.54
2023-10-15,83140,2304773.67,292500.92,11.95,41.75,10.25630506353781,1.4443468847726726,JFK Airport,Upper East Side North,98.93
2023-10-16,78936,2143754.23,248500.29,12.55,41.083333333333336,8.915678774926267,1.326086956521739,Upper East Side South,Upper East Side North,93.93
2023-10-17,91572,2454281.12,262500.46,13.35,39.766666666666666,8.262185370999125,1.3117219237321451,Upper East Side South,Upper East Side South,108.97
2023-10-18,94905,2588504.59,267878.74,14.133333333333333,41.18333333333333,7.936985375474526,1.3042937674516621,Midtown Center,Upper East Side South,112.93
2023-10-19,99437,2722586.41,288986.04,13.883333333333333,41.833333333333336,8.008508293795412,1.3188149280448926,Upper East Side South,Upper East Side South,118.32
2023-10-20,96453,2599738.54,277567.22,13.55,42.28333333333333,7.865932763164914,1.3726685535960519,Upper East Side North,Upper East Side North,114.77
2023-10-21,103074,2700681.56,310971.22,12.516666666666667,38.6,9.150540688491262,1.4655393212643344,Lincoln Square East,Upper East Side North,122.65
2023-10-22,88192,2436464.41,308232.39,12.05,41.166666666666664,10.140771616141212,1.4541568396226414,JFK Airport,Upper East Side North,104.94
2023-10-23,77246,2109516.66,248033.48,12.383333333333333,41.36666666666667,9.011394611155527,1.3329363332729203,Upper East Side South,Upper East Side North,91.92
2023-10-24,88892,2407723.71,259577.6,13.633333333333333,40.2,8.244897039514765,1.309532916347928,Upper East Side South,Upper East Side South,105.78
2023-10-25,94199,2577067.68,274903.16,13.816666666666666,41.88333333333333,8.104356972781236,1.3164789435132007,Upper East Side South,Upper East Side South,112.09
2023-10-26,101754,2784840.68,298228.22,13.816666666666666,42.88333333333333,8.085848367089474,1.3273090001375867,Upper East Side South,Upper East Side South,121.08
2023-10-27,98080,2682087.69,295299.16,13.333333333333334,44.88333333333333,8.320362371122165,1.38931484502447,Upper East Side South,Upper East Side North,116.71
2023-10-28,109160,2959168.46,334031.47,13.5,45.05,8.916528836370112,1.461597654818615,Upper East Side South,Upper East Side North,129.89
2023-10-29,87462,2344095.73,291378.54,11.866666666666667,40.516666666666666,10.016541614429283,1.435857858269877,JFK Airport,Upper East Side North,104.07
2023-10-30,76131,1983889.52,225505.47,12.133333333333333,37.0,8.896514910972781,1.3253208285718039,Upper East Side South,Upper East Side North,90.59
2023-10-31,82105,2102622.09,222200.26,12.633333333333333,37.68333333333333,8.197922400921968,1.3331952987028806,Upper East Side South,Upper East Side North,97.7
2023-11-01,99328,2609593.44,274645.07,13.183333333333334,38.983333333333334,8.261344810621857,1.312510067654639,Upper East Side South,Upper East Side South,118.19
2023-11-02,100803,2721109.99,284033.22,13.833333333333334,40.55,7.947142821024381,1.3176195152922037,Upper East Side South,Upper East Side South,119.95
2023-11-03,94832,2518970.07,270520.64,13.116666666666667,39.766666666666666,8.19471788844452,1.3760228614813566,Upper East Side South,Upper East Side South,112.84
2023-11-04,104687,2731421.55,301282.61,13.15,38.678333333333285,8.701347571442518,1.4641741572497062,Upper East Side South,Upper East Side South,124.57
2023-11-05,86339,2326938.7,290055.97,11.65,40.11833333333319,10.433231621759198,1.4638691668886599,JFK Airport,Upper East Side North,102.74
2023-11-06,79274,2176057.75,247652.93,12.983333333333333,41.916666666666664,8.595462157775607,1.322602618765295,Midtown Center,Upper East Side North,94.33
2023-11-07,96310,2497328.3,273966.06,13.1,37.983333333333334,8.386126816188684,1.2981518014744056,Midtown Center,Upper East Side South,114.6
2023-11-08,98467,2626463.13,270430.05,13.55,40.266666666666666,7.877715941592434,1.286187250550946,Midtown Center,Upper East Side North,117.17
2023-11-09,100850,2771184.89,286397.05,14.1,42.93333333333333,7.884671691125825,1.307535944471988,Upper East Side South,Upper East Side South,120.01
2023-11-10,101068,2665301.07,296717.93,13.2,41.22749999999991,8.228433896298721,1.3764000474927771,Upper East Side South,Upper East Side North,120.26
2023-11-11,104467,2730772.2399999998,299393.44,12.95,39.38333333333333,8.780466389106369,1.4497496817176716,Upper East Side South,Upper East Side South,124.31
2023-11-12,87201,2360239.16,296178.12,11.566666666666666,38.78333333333333,10.26310387840064,1.4290547126753133,JFK Airport,Upper East Side North,103.76
2023-11-13,79785,2132424.57,244476.83,12.3,40.21333333333338,8.813738397485809,1.3037914394936392,Upper East Side South,Upper East Side North,94.94
2023-11-14,93151,2449238.11,259736.75,13.033333333333333,38.55,8.252395551433365,1.2900666659509827,Upper East Side South,Upper East Side North,110.84
2023-11-15,98161,2633799.36,272462.39,13.583333333333334,40.71666666666667,7.898192274076901,1.2913478876539564,Upper East Side South,Upper East Side South,116.81
2023-11-16,103052,2743911.42,289852.87,13.383333333333333,40.083333333333336,8.16959507574587,1.2974614757598106,Upper East Side South,Upper East Side North,122.63
2023-11-17,94667,2555275.1,275318.03,13.266666666666667,42.29499999999995,8.235261822502657,1.351400171126158,Upper East Side South,Upper East Side North,112.65
2023-11-18,107512,2739206.12,308272.57,12.233333333333333,37.47416666666662,9.144185837175822,1.4524425180444973,Upper East Side South,Upper East Side North,127.93
2023-11-19,82779,2164345.24,265675.03,11.433333333333334,36.483333333333334,10.265202977810716,1.4535812222906777,JFK Airport,Upper East Side North,98.5
2023-11-20,79092,2064418.25,225106.17,12.583333333333334,39.416666666666664,8.331088466469723,1.345673393010671,Upper East Side South,Upper East Side North,94.11
2023-11-21,88656,2385788.19,238314.65,13.833333333333334,47.3,7.284732476233037,1.3386121638693376,Upper East Side South,Upper East Side North,105.5
2023-11-22,72974,1932731.13,211013.41,12.983333333333333,43.18916666666652,8.134544989514513,1.4128456710609258,Upper East Side South,Upper East Side South,86.83
2023-11-23,53249,1349667.86,170317.09,10.4,34.626666666666644,11.427563915739972,1.5345076902852637,Upper East Side South,Upper East Side North,63.36
2023-11-24,60331,1517216.17,171705.68,11.15,32.983333333333334,10.109339769704308,1.5621488123850094,Midtown Center,Midtown Center,71.79
2023-11-25,73566,1997097.76,242720.13,12.366666666666667,39.13333333333333,9.699674340897197,1.5370279748796998,JFK Airport,Midtown Center,87.54
2023-11-26,68098,1919899.58,248602.41,11.716666666666667,43.7,10.140253054579684,1.4660195600458164,JFK Airport,Upper East Side North,81.03
2023-11-27,73895,2010094.8699999999,240134.58,12.1,43.42166666666671,8.999922116058611,1.3252723458962041,JFK Airport,Upper East Side North,87.93
2023-11-28,93602,2477620.75,261134.03,12.883333333333333,40.78333333333333,8.12383988603277,1.3053567231469414,Upper East Side South,Upper East Side North,111.38
2023-11-29,90070,2454804.63,245417.84,13.966666666666667,44.016666666666666,7.845274722401506,1.3013100921505496,Upper East Side South,Upper East Side South,107.18
2023-11-30,97286,2661640.71,272515.86,14.15,43.15,7.781580907569355,1.3163250621877762,Upper East Side South,Upper East Side North,115.76
2023-12-01,100990,2718031.06,278033.58,13.733333333333333,43.266666666666666,7.636320887581792,1.3769977225467869,Upper East Side South,Upper East Side North,120.17
2023-12-02,105099,2797849.47,298948.62,13.35,42.03333333333333,8.610539665934137,1.4740102189364315,Upper East Side South,Upper East Side South,125.06
2023-12-03,88368,2386094.72,288654.92,11.933333333333334,40.15,9.618088526208222,1.4596120767698715,JFK Airport,Upper East Side North,105.15
2023-12-04,80417,2174613.79,242561.57,12.783333333333333,41.1,8.645898291441304,1.3317955158735093,Upper East Side South,Upper East Side North,95.69
2023-12-05,96150,2562466.93,259906.28,13.633333333333333,40.5,7.916894187472718,1.3017264690587624,Upper East Side South,Upper East Side North,114.41
2023-12-06,102721,2768706.88,277211.06,13.7,42.583333333333336,7.876170379708253,1.304796487573135,Upper East Side South,Upper East Side South,122.23
2023-12-07,106688,2915248.21,296872.43,14.216666666666667,42.8,7.724354709297336,1.3051889622075585,Upper East Side South,Upper East Side South,126.95
2023-12-08,103033,2743716.53,291739.83,13.466666666666667,39.3,8.158246969704054,1.3841778847553696,Upper East Side South,Upper East Side North,122.6
2023-12-09,115704,3066411.61,324802.28,13.366666666666667,43.06666666666667,8.626668479266632,1.4774683675585978,Upper East Side South,Upper East Side South,137.68
2023-12-10,91943,2427660.76,293093.17,11.85,38.56666666666667,9.815243929948359,1.4436226792686773,JFK Airport,Upper East Side North,109.41
2023-12-11,86571,2286179.3,252596.8,12.45,39.24166666666667,8.699934750489371,1.3296947014589182,Upper East Side South,Upper East Side North,103.01
2023-12-12,100134,2672975.09,273562.13,13.683333333333334,40.916666666666664,8.012331324135172,1.2996984041384545,Upper East Side South,Upper East Side South,119.15
2023-12-13,107324,2862578.4,294085.25,13.866666666666667,40.35,7.955293216393797,1.3000447243859714,Upper East Side South,Upper East Side South,127.71
2023-12-14,113654,3137887.18,317722.93,14.333333333333334,43.766666666666666,7.687176430323083,1.3047934960494132,Upper East Side South,Upper East Side North,135.24
2023-12-15,110430,2957713.19,317933.02,13.3,41.53333333333333,8.278323293049203,1.3572851580186545,Upper East Side South,Upper East Side North,131.41
2023-12-16,115799,3056727.43,334524.61,13.25,42.384999999999856,8.808398190661395,1.463527318888764,Upper East Side South,Upper East Side North,137.79
2023-12-17,88897,2317502.08,279713.33,11.766666666666667,36.083333333333336,9.978884343888355,1.4769002328537522,Upper East Side South,Upper East Side North,105.78
2023-12-18,81020,2082923.04,233114.89,12.083333333333334,38.11666666666667,8.849944687859528,1.3689829671686002,Upper East Side South,Upper East Side North,96.41
2023-12-19,97598,2523915.1,263595.27,13.0,39.3,8.122416988927633,1.335949507162032,Upper East Side South,Upper East Side North,116.14
2023-12-20,95356,2491823.33,261507.01,13.05,40.7,8.152876433097216,1.347623641931289,Upper East Side South,Upper East Side North,113.47
2023-12-21,94113,2464338.62,260328.62,13.0,42.35,8.102154297134465,1.3699276401772338,Upper East Side South,Upper East Side North,111.99
2023-12-22,89165,2272792.29,252030.68,12.066666666666666,39.130000000000045,8.801211854317547,1.4244939157741265,Upper East Side South,Upper East Side North,106.1
2023-12-23,71472,1866467.59,220608.2,11.7,40.090833333333286,9.81812826475492,1.5250447727781509,Upper East Side South,Upper East Side South,85.05
2023-12-24,56370,1392652.09,172447.81,10.5,33.516666666666666,10.931799810276818,1.5453964874933475,Upper East Side South,Upper East Side North,67.08
2023-12-25,37476,1020963.57,136870.44,11.3,35.95,11.883339393351278,1.5710854947166186,JFK Airport,Upper East Side North,44.59
2023-12-26,53039,1450886.79,174153.82,12.266666666666667,39.15,9.953862006293054,1.5483135051565828,Penn Station/Madison Sq West,Midtown Center,63.11
2023-12-27,63403,1770663.84,208612.78,13.183333333333334,44.166666666666664,8.999951497267379,1.5238868823241802,JFK Airport,Midtown Center,75.45
2023-12-28,66600,1866594.06,217505.71,13.5,44.516666666666666,8.889354506689195,1.5192492492492493,JFK Airport,Midtown Center,79.25
2023-12-29,67502,1867316.92,220443.09,12.866666666666667,41.44916666666662,9.423300270344415,1.5295991229889485,JFK Airport,Midtown Center,80.32
2023-12-30,69325,1919118.77,239603.56,12.266666666666667,39.983333333333334,10.112308420912479,1.562279120086549,JFK Airport,Midtown Center,82.49
2023-12-31,62809,1624249.52,213907.76,10.7,33.0,11.310742029271443,1.4896272827142607,JFK Airport,Upper East Side North,74.74
