PU_Zone,total_trips,total_revenue,total_distance_miles,median_duration_minutes,p95_duration_minutes,median_speed_mph,avg_passengers,trips_per_day
Allerton/Pelham Gardens,655,23446.48,4733.7,29.716666666666665,84.6766666666666,10.462822749018413,1.0793893129770993,1.7945205479452055
Alphabet City,37203,919436.54,116578.31,13.233333333333333,32.833333333333336,10.365904514530138,1.3593796199231245,101.92602739726027
Arden Heights,285,25705.82,5290.03,58.483333333333334,98.79000000000002,18.279248009790454,1.0,0.7808219178082192
Arrochar/Fort Wadsworth,35,2833.49,389.48,22.716666666666665,64.77999999999997,26.274956198583194,1.8285714285714285,0.0958904109589041
Astoria,15980,385146.2,59227.07,14.25,44.050833333333316,10.985776236835385,1.230037546933667,43.78082191780822
Astoria Park,131,9297.95,1007.7,22.05,52.724999999999994,17.85160421306651,1.3129770992366412,0.3589041095890411
Auburndale,493,14881.6,2806.57,23.9,63.88,11.389214578854904,1.0628803245436105,1.3506849315068492
Baisley Park,8361,660964.46,110443.81,38.93333333333333,77.56666666666666,19.41879044400814,1.4347566080612366,22.90684931506849
Bath Beach,435,20186.77,4583.78,36.06666666666667,90.44666666666656,17.26236953397531,1.0942528735632184,1.1917808219178083
Battery Park,15438,510965.55,68911.68,19.85,42.03583333333332,11.70323457262959,1.785075787019044,42.295890410958904
Battery Park City,191445,6132284.64,817451.88,16.3,38.36666666666667,12.303193751422928,1.395022069001541,524.5068493150685
Bay Ridge,2070,97537.95,21728.56,37.63333333333333,82.77749999999999,15.508675799255183,1.098550724637681,5.671232876712328
Bay Terrace/Fort Totten,286,12171.55,2815.33,32.66666666666667,68.0625,14.981083833866366,1.034965034965035,0.7835616438356164
Bayside,471,18121.27,3679.66,28.283333333333335,77.49166666666667,13.79956309453454,1.0445859872611465,1.2904109589041095
Bedford,4390,128340.63,23760.49,25.608333333333334,59.68500000000001,10.389336767044984,1.0817767653758543,12.027397260273972
Bedford Park,1250,45952.32,9504.58,31.225,81.33083333333333,10.60973090224667,1.0552,3.4246575342465753
Bellerose,661,25025.21,5449.79,25.716666666666665,75.61666666666666,15.721820139484699,1.065052950075643,1.810958904109589
Belmont,695,23884.47,4536.09,28.566666666666666,75.36333333333332,10.159494243689457,1.097841726618705,1.904109589041096
Bensonhurst East,744,29807.35,6646.47,40.575,93.41666666666667,10.561475843245525,1.0241935483870968,2.0383561643835617
Bensonhurst West,924,38721.44,8222.87,41.43333333333334,98.65249999999997,10.997247044376127,1.0292207792207793,2.5315068493150683
Bloomfield/Emerson Hill,474,33846.04,9861.09,55.3,92.4799999999999,23.41948207274153,1.0168776371308017,1.2986301369863014
Bloomingdale,87347,1976347.89,235661.56,11.416666666666666,32.483333333333334,10.380707263315808,1.3137486118584496,239.3068493150685
Boerum Hill,13548,378926.78,62572.66,18.1,52.68333333333333,10.849410337726795,1.2339828757012106,37.11780821917808
Borough Park,1064,36716.0,7079.37,35.358333333333334,85.95416666666667,8.530015659904251,1.0883458646616542,2.915068493150685
Breezy Point/Fort Tilden/Riis Beach,16,955.2,199.62,37.766666666666666,78.51249999999999,19.145340730403056,1.0625,0.043835616438356165
Briarwood/Jamaica Hills,2689,147173.46,22650.27,23.633333333333333,61.31666666666665,17.67661948852431,1.242097433990331,7.367123287671233
Brighton Beach,928,48075.31,11109.63,53.0,114.30999999999999,13.302267141250363,1.043103448275862,2.5424657534246577
Broad Channel,26,944.22,198.15,11.633333333333333,70.87083333333334,19.623108606583102,1.0384615384615385,0.07123287671232877
Bronx Park,183,8204.34,1401.34,31.683333333333334,59.98833333333334,13.333267490037086,1.3114754098360655,0.5013698630136987
Bronxdale,978,33827.49,6475.7300000000005,28.95,82.07166666666666,9.64088241353264,1.0286298568507157,2.6794520547945204
Brooklyn Heights,17093,532459.65,86239.58,19.766666666666666,46.839999999999996,12.449613724738947,1.2746738430936642,46.83013698630137
Brooklyn Navy Yard,647,18922.85,3054.82,18.9,46.74666666666666,11.496279264771458,1.2179289026275115,1.7726027397260273
Brownsville,2834,90702.11,17195.86,34.166666666666664,82.16333333333331,7.823108547971817,1.0197600564573042,7.764383561643836
Bushwick North,3002,96345.05,18434.69,23.816666666666666,48.66333333333332,13.6596511877295,1.1469020652898068,8.224657534246575
Bushwick South,4279,135608.42,25604.12,26.033333333333335,57.85,11.893518032672192,1.0888057957466697,11.723287671232876
Cambria Heights,1092,50473.62,11058.58,35.95833333333333,82.83250000000001,15.542978782699013,1.0924908424908424,2.9917808219178084
Canarsie,3540,146516.77,30347.06,38.766666666666666,93.86999999999998,10.015005356490397,1.0313559322033898,9.698630136986301
Carroll Gardens,4362,129546.23,19530.64,17.316666666666666,45.34833333333333,11.764752445563133,1.1916552040348465,11.95068493150685
Central Harlem,78741,1644241.23,213627.68,10.45,34.766666666666666,10.182414860048366,1.318779289061607,215.72876712328767
Central Harlem North,28573,649739.72,101478.59,12.633333333333333,45.05,10.316959935805581,1.2268225247611382,78.28219178082192
Central Park,555837,12860436.73,1224542.69,11.783333333333333,32.03333333333333,8.92123598185199,1.4980183039272306,1522.841095890411
Charleston/Tottenville,217,15745.460000000001,4374.08,45.4,90.7033333333333,26.53262331765329,1.0,0.5945205479452055
Chinatown,43063,1262541.78,158511.56,16.05,44.48166666666669,9.581683471367874,1.4878201704479483,117.98082191780821
City Island,88,3675.42,803.67,33.175,64.87833333333333,14.669441085850321,1.1363636363636365,0.2410958904109589
Claremont/Bathgate,1185,37288.61,6911.56,27.316666666666666,82.03333333333326,9.072547720592949,1.0548523206751055,3.2465753424657535
Clinton East,844922,20336523.12,2158271.48,11.3,32.36666666666667,9.762562943955093,1.4202683798031062,2314.854794520548
Clinton Hill,5313,154272.93,28427.44,23.466666666666665,62.78999999999999,10.552137695034988,1.0897797854319593,14.556164383561644
Clinton West,210370,4967289.31,548385.8,11.483333333333333,31.466666666666665,10.321344327353088,1.3941056234253935,576.3561643835617
Co-Op City,3196,130690.11,28307.48,36.15,81.85416666666666,12.812418807420999,1.0150187734668334,8.756164383561643
Cobble Hill,6907,206686.56,30545.75,18.5,44.56166666666667,11.076882715811967,1.219342695815839,18.923287671232877
College Point,438,19597.05,3927.69,32.20833333333333,67.66416666666665,16.740537227018862,1.1164383561643836,1.2
Columbia Street,618,20335.16,3592.83,20.65833333333333,47.971666666666664,13.975080674365737,1.2103559870550162,1.6931506849315068
Coney Island,1784,91440.04,22097.72,49.04166666666667,103.42333333333333,14.231932397084105,1.0285874439461884,4.887671232876713
Corona,2038,96021.47,13367.79,24.825,65.72916666666666,12.700975864752138,1.1933267909715408,5.583561643835616
Country Club,44,1236.74,223.87,15.891666666666666,63.5475,11.433303167440606,1.1136363636363635,0.12054794520547946
Crotona Park,38,1439.4099999999999,256.72,22.983333333333334,59.454999999999984,10.029266169609794,1.2105263157894737,0.10410958904109589
Crotona Park East,682,21649.329999999998,4021.43,27.233333333333334,71.19416666666663,8.958680671014694,1.067448680351906,1.8684931506849316
Crown Heights North,7660,232316.39,43806.53,28.8,69.91916666666664,9.758342818826542,1.064621409921671,20.986301369863014
Crown Heights South,2384,74193.99,14283.31,31.15833333333333,73.01749999999998,9.612677413908411,1.042785234899329,6.531506849315068
Cypress Hills,894,34143.62,6165.17,30.241666666666667,69.86166666666666,12.21703587906281,1.1006711409395973,2.4493150684931506
DUMBO/Vinegar Hill,10359,327816.85,51022.23,19.116666666666667,44.18833333333335,12.71189095263055,1.4861473115165555,28.38082191780822
Douglaston,223,9929.97,2126.55,24.716666666666665,83.19333333333323,19.154902598728732,1.0852017937219731,0.6109589041095891
Downtown Brooklyn/MetroTech,21184,660990.61,101179.44,17.05,47.997499999999974,12.591277333646616,1.362207326283988,58.038356164383565
Dyker Heights,542,22742.38,4587.47,31.633333333333333,72.95416666666658,15.063767416954322,1.1531365313653137,1.484931506849315
East Chelsea,843851,21774064.17,2136154.14,14.45,36.1,8.471948827238737,1.4254933631648241,2311.9205479452053
East Concourse/Concourse Village,2377,72688.16,13422.57,28.266666666666666,72.72,9.363198468596874,1.0854017669331089,6.512328767123288
East Elmhurst,54923,3283479.2,529124.58,26.966666666666665,54.8,20.80272497704157,1.4697485570708082,150.47397260273974
East Flatbush/Farragut,1982,60248.38,11166.68,32.09166666666667,84.27499999999996,7.9991295535902065,1.0191725529767912,5.4301369863013695
East Flatbush/Remsen Village,2343,74815.72,13657.76,32.9,85.14166666666668,8.30255545276787,1.0243277848911652,6.419178082191781
East Flushing,235,8388.22,1633.65,34.5,86.92499999999998,10.315175606122583,1.0340425531914894,0.6438356164383562
East Harlem North,69457,1449550.42,190466.64,10.816666666666666,33.06666666666667,10.852309629283438,1.2967879407403142,190.2931506849315
East Harlem South,195100,4171410.12,499263.49,10.166666666666666,33.266666666666666,10.566579190029401,1.2963608405945668,534.5205479452055
East New York,4590,164462.95,31666.67,33.5,85.45333333333335,9.642563323925415,1.039433551198257,12.575342465753424
East New York/Pennsylvania Avenue,1122,38577.87,7406.69,36.20833333333333,83.71333333333337,8.714820757425388,1.0231729055258467,3.073972602739726
East Tremont,1426,47097.8,9123.31,26.09166666666667,71.42083333333333,9.520023149384725,1.0364656381486677,3.9068493150684933
East Village,726687,17073636.45,1842927.08,11.633333333333333,29.883333333333333,9.937406836810904,1.4003374217510427,1990.9232876712329
East Williamsburg,7452,249887.56,41888.27,19.8,45.65583333333332,14.457645542560027,1.2616747181964574,20.416438356164385
Eastchester,917,33847.52,7229.13,34.11666666666667,80.14333333333329,10.626322350784404,1.0130861504907307,2.5123287671232877
Elmhurst,3945,150047.74,19268.11,18.283333333333335,56.639999999999986,11.150556406709057,1.2717363751584283,10.808219178082192
Elmhurst/Maspeth,1235,40584.82,6223.19,18.583333333333332,54.80333333333333,11.448472681192998,1.2931174089068826,3.3835616438356166
Eltingville/Annadale/Prince's Bay,9,822.02,137.56,51.05,84.90333333333334,17.15962723648121,1.2222222222222223,0.024657534246575342
Erasmus,1290,41955.92,8093.56,32.708333333333336,83.52666666666666,9.25076817227731,1.0395348837209302,3.5342465753424657
Far Rockaway,1659,85283.86,21514.36,55.03333333333333,108.225,13.916946185108147,1.0090415913200723,4.545205479452055
Financial District North,167266,5427117.64,750584.53,16.583333333333332,40.983333333333334,12.545403787327619,1.4051869477359415,458.2630136986301
Financial District South,87967,2949305.12,411404.89,17.7,41.994999999999955,12.784139275235264,1.492377823501995,241.0054794520548
Flatbush/Ditmas Park,4078,138921.1,26895.36,31.625,80.8025,9.536959170942868,1.0502697400686611,11.172602739726027
Flatiron,516137,11957204.63,1143209.49,11.266666666666667,32.86666666666667,8.70025564136983,1.3584552163475976,1414.0739726027398
Flatlands,2323,78172.76,15163.0,35.55,89.2366666666667,8.72939594022969,1.0327163151097718,6.364383561643836
Flushing,1762,63578.5,12230.27,28.15,66.24833333333326,12.769775515420015,1.101589103291714,4.8273972602739725
Flushing Meadows-Corona Park,6142,450663.38,61820.92,23.15,51.16416666666665,25.24332139457264,1.562845978508629,16.827397260273973
Fordham South,639,21740.35,4275.58,28.816666666666666,76.04166666666667,9.990716034618202,1.050078247261346,1.7506849315068493
Forest Hills,4549,145749.65,23584.48,21.033333333333335,60.709999999999944,11.130337997060895,1.1431083754671356,12.463013698630137
Forest Park/Highland Park,72,2517.42,395.31,14.45,51.49,15.56572358114936,1.125,0.19726027397260273
Fort Greene,13054,355501.04,55443.44,17.233333333333334,48.07249999999998,10.738944510397639,1.2688831009652213,35.76438356164383
Fresh Meadows,446,16445.77,3297.81,29.358333333333334,72.85000000000001,12.17182605762535,1.0717488789237668,1.2219178082191782
Freshkills Park,3,265.66,35.18,20.016666666666666,55.596666666666664,26.930557633530682,1.0,0.00821917808219178
Garment District,534866,13637056.31,1307407.66,12.716666666666667,34.55,7.980125121215521,1.4105794722416456,1465.386301369863
Glen Oaks,456,19174.41,4319.39,27.325000000000003,78.35,16.743791322082,1.0394736842105263,1.2493150684931507
Glendale,642,19615.11,3291.02,23.641666666666666,64.04916666666666,9.463220072199055,1.073208722741433,1.7589041095890412
Governor's Island/Ellis Island/Liberty Island,9,290.94,37.65,12.966666666666667,45.836666666666666,9.578361848197103,2.2222222222222223,0.024657534246575342
Gowanus,1741,52169.24,9527.09,23.166666666666668,58.0,11.393436223662206,1.093624353819644,4.76986301369863
Gramercy,673701,15236295.14,1486712.01,11.066666666666666,30.0,9.01754899574093,1.3423180312928138,1845.7561643835616
Gravesend,889,43104.15,11068.18,45.18333333333333,100.23666666666655,15.333318730172639,1.0269966254218224,2.4356164383561643
Great Kills,21,1470.88,259.77,42.833333333333336,86.35,18.091974693041198,1.0476190476190477,0.057534246575342465
Great Kills Park,1,93.31,19.56,62.38333333333333,62.38333333333333,18.812698977901064,1.0,0.0027397260273972603
Green-Wood Cemetery,17,954.9,104.57,24.4,92.00999999999999,10.680611496421731,1.5294117647058822,0.04657534246575343
Greenpoint,6638,191687.66,32284.82,18.558333333333334,44.13333333333333,13.469103071412768,1.1974992467610726,18.186301369863013
Greenwich Village North,440804,10193748.51,960654.65,11.666666666666666,32.983333333333334,8.454468595740039,1.3560471320586927,1207.682191780822
Greenwich Village South,407979,9699396.67,996467.98,11.883333333333333,31.45,9.599890286968149,1.4351547506121638,1117.7506849315068
Grymes Hill/Clifton,8,411.36,63.64,14.291666666666668,65.68416666666664,16.92374798191578,1.25,0.021917808219178082
Hamilton Heights,23127,590247.23,92549.91,14.083333333333334,39.166666666666664,11.776309741790744,1.2673498508237127,63.36164383561644
Hammels/Arverne,1517,81729.26,19777.15,55.4,104.15333333333335,13.775025785800507,1.009228740936058,4.156164383561644
Heartland Village/Todt Hill,41,2603.34,538.32,32.3,82.43333333333334,17.66504233238093,1.2682926829268293,0.11232876712328767
Highbridge,1577,51972.43,9239.33,23.933333333333334,64.88333333333328,10.536523688641823,1.1521876981610653,4.32054794520548
Highbridge Park,142,8256.36,1179.65,17.825000000000003,54.13166666666667,17.69464535851553,1.2535211267605635,0.38904109589041097
Hillcrest/Pomonok,1574,49195.43,9716.25,26.791666666666668,67.43916666666667,11.116125895897778,1.0235069885641677,4.3123287671232875
Hollis,711,24761.67,5114.69,29.633333333333333,73.01666666666668,11.115754371301987,1.0196905766526019,1.9479452054794522
Homecrest,827,30347.93,6222.5,36.75,89.95166666666667,9.904724172479344,1.0278113663845223,2.265753424657534
Howard Beach,1060,53817.63,9638.84,27.958333333333336,75.41499999999998,15.430140863460895,1.1867924528301887,2.904109589041096
Hudson Sq,158345,3988728.9,427247.41,11.933333333333334,35.016666666666666,9.749939062880857,1.3895481385582116,433.82191780821915
Hunts Point,669,21409.16,3893.09,26.85,67.26666666666668,10.023877357943643,1.0597907324364724,1.832876712328767
Inwood,1839,67386.41,14538.17,21.8,87.90166666666667,15.95728534550308,1.175095160413268,5.038356164383561
Inwood Hill Park,198,7190.07,1411.15,19.291666666666664,58.50833333333329,16.405026682367428,1.2222222222222223,0.5424657534246575
JFK Airport,1319779,105300150.44,21022180.64,39.61666666666667,74.63333333333334,24.04137275269566,1.5119713224714137,3615.832876712329
Jackson Heights,5719,180436.86,28711.77,17.916666666666668,54.27999999999992,11.38978417714911,1.2579122224165065,15.668493150684931
Jamaica,5269,281753.26,47493.62,27.816666666666666,67.74999999999991,16.33270657546543,1.212184475232492,14.435616438356165
Jamaica Bay,29,1940.45,386.88,34.11666666666667,73.7433333333333,22.74081170565082,1.5172413793103448,0.07945205479452055
Jamaica Estates,1446,49529.58,9757.64,26.916666666666664,75.625,11.348951352455764,1.0297372060857537,3.9616438356164383
Kensington,977,38739.93,7042.33,26.75,77.4433333333333,11.877913057541639,1.149437052200614,2.6767123287671235
Kew Gardens,2762,138792.01,16927.05,17.325,56.68249999999999,16.68489882315985,1.3247646632874728,7.567123287671233
Kew Gardens Hills,1363,41657.69,8140.16,22.033333333333335,67.5083333333333,11.162759545787315,1.0564930300807043,3.734246575342466
Kingsbridge Heights,1152,42009.78,8895.6,31.358333333333334,86.14666666666666,11.284045939207939,1.0755208333333333,3.1561643835616437
Kips Bay,347575,7838884.05,813890.54,10.833333333333334,30.45,9.671537858100631,1.3217463856721572,952.2602739726027
LaGuardia Airport,28260,1745061.8,273131.02,27.5,54.81666666666667,20.585933947724705,1.3240622788393488,77.42465753424658
Laurelton,1184,52850.26,12240.25,41.54166666666667,84.68749999999987,13.385953390670974,1.0380067567567568,3.243835616438356
Lenox Hill East,652427,15047275.74,1559180.27,11.433333333333334,29.766666666666666,9.418010012625807,1.3077217834332424,1787.4712328767123
Lenox Hill West,778685,16410096.33,1562098.77,9.9,27.3,9.314316259329194,1.332127882263046,2133.3835616438355
Lincoln Square East,1063368,23560942.53,2329236.84,10.516666666666667,28.933333333333334,9.680382431806914,1.386599935299915,2913.33698630137
Lincoln Square West,360784,7791551.72,794054.15,10.35,28.066666666666666,9.75292976338188,1.3228385959466051,988.4493150684932
Little Italy/NoLiTa,279631,7042959.36,742879.21,13.583333333333334,34.983333333333334,9.278325919018183,1.463425013678741,766.1123287671232
Long Island City/Hunters Point,13469,564802.42,63897.71,16.216666666666665,47.59333333333331,12.32496918757703,1.3345459945059024,36.9013698630137
Long Island City/Queens Plaza,15430,376503.36,51220.56,13.233333333333333,39.38333333333333,11.20537964380425,1.2352559948152948,42.273972602739725
Longwood,646,20013.73,3663.97,27.65833333333333,71.25833333333333,8.875732521552084,1.105263157894737,1.7698630136986302
Lower East Side,314433,8156481.06,969535.7,12.966666666666667,32.3,10.645839834584816,1.454964968689673,861.4602739726027
Madison,719,27131.32,5906.39,36.13333333333333,89.48000000000002,10.532328637430343,1.0347705146036161,1.9698630136986301
Manhattan Beach,345,16932.34,3589.77,40.13333333333333,98.66000000000001,13.179172468200044,1.1333333333333333,0.9452054794520548
Manhattan Valley,272875,5885275.56,667207.18,10.5,30.216666666666665,10.207418054349937,1.3229317453046268,747.6027397260274
Manhattanville,20622,472042.39,66710.95,12.0,34.416666666666664,11.167900492374205,1.2839200853457473,56.4986301369863
Marble Hill,296,10066.97,2129.79,25.275,66.5625,12.753159486148078,1.1081081081081081,0.810958904109589
Marine Park/Floyd Bennett Field,326,15171.32,2531.19,13.716666666666665,60.36666666666667,21.79718251784406,1.2852760736196318,0.8931506849315068
Marine Park/Mill Basin,1132,45095.659999999996,8978.73,33.16666666666667,90.4216666666667,10.791876238887479,1.0777385159010602,3.1013698630136988
Mariners Harbor,13,1235.43,178.58,32.516666666666666,206.41666666666615,27.11038955953996,1.0769230769230769,0.03561643835616438
Maspeth,2354,116307.18,14535.31,19.508333333333333,48.0725,17.12170602905585,1.3313508920985557,6.449315068493151
Meatpacking/West Village West,279244,7151037.72,763535.86,13.466666666666667,34.03333333333333,9.37560256527139,1.4496784174413775,765.0520547945206
Melrose South,2142,58143.45,9898.02,22.766666666666666,67.11166666666664,8.91327257081398,1.1283846872082166,5.868493150684931
Middle Village,692,30183.079999999998,4286.09,23.78333333333333,60.83499999999998,13.388274329118712,1.176300578034682,1.895890410958904
Midtown Center,1467306,35906163.15,3380951.81,12.733333333333333,32.43333333333333,7.785391427150765,1.3994545105111,4020.0164383561646
Midtown East,1136947,27178664.12,2573207.12,12.233333333333333,30.933333333333334,8.285687981942914,1.3450820486794899,3114.923287671233
Midtown North,925021,22572896.88,2206237.03,11.933333333333334,33.416666666666664,8.296758326836029,1.398464467293175,2534.304109589041
Midtown South,733114,17836277.6,1750072.34,12.183333333333334,33.03333333333333,8.407579050351208,1.4117340550037238,2008.531506849315
Midwood,1347,43769.21,8273.16,37.55,87.135,8.098031030231374,1.0386043058648848,3.6904109589041094
Morningside Heights,153875,3613401.03,441406.13,12.2,34.45,10.446260685096133,1.316165718927701,421.5753424657534
Morrisania/Melrose,1579,48278.86,8886.52,29.85,74.03833333333331,8.498872785771924,1.0481317289423686,4.326027397260274
Mott Haven/Port Morris,3372,98599.74,16759.25,19.425,60.21333333333332,10.83825340056912,1.166370106761566,9.238356164383562
Mount Hope,1434,45545.94,8764.26,27.35,71.80583333333333,9.623891405456877,1.0725244072524407,3.9287671232876713
Murray Hill,959777,22875542.52,2189886.54,12.066666666666666,31.65,8.446036901027524,1.3472608741405556,2629.5260273972603
Murray Hill-Queens,527,17671.51,3422.71,28.8,70.83833333333332,11.331669740906698,1.047438330170778,1.4438356164383561
New Dorp/Midland Beach,17,1246.79,240.49,32.53333333333333,294.0299999999992,26.10199102753683,1.4705882352941178,0.04657534246575343
Newark Airport,342,33254.85,4341.36,29.549999999999997,77.8625,24.134657240384215,1.5,0.936986301369863
North Corona,584,17445.71,2946.09,19.666666666666664,58.63333333333334,10.25144319456905,1.1832191780821917,1.6
Norwood,1312,46869.28,9651.8,27.641666666666666,80.28083333333336,10.841290647636221,1.0625,3.5945205479452054
Oakland Gardens,391,13724.9,2859.59,26.466666666666665,82.42500000000001,13.658492167505148,1.0255754475703325,1.0712328767123287
Oakwood,5,275.5,50.26,19.933333333333334,57.76,12.85387481404578,2.0,0.0136986301369863
Ocean Hill,2351,78515.54,15139.16,31.05,71.85,9.652005278254991,1.0272224585282859,6.441095890410959
Ocean Parkway South,248,8976.6,1808.66,32.108333333333334,95.32416666666663,11.278098683265071,1.096774193548387,0.6794520547945205
Old Astoria,5527,136046.17,21072.54,14.8,48.23499999999999,10.551593152636727,1.2048127374705988,15.142465753424657
Outside of NYC,3702,303965.39,32678.3,18.25,70.34249999999997,20.050642129977877,1.4292274446245272,10.142465753424657
Ozone Park,557,24704.329999999998,4004.54,29.05,76.91999999999994,13.218561338599645,1.1723518850987433,1.526027397260274
Park Slope,11337,337912.84,55988.12,20.083333333333332,55.89333333333328,11.063735627781892,1.2330422510364294,31.06027397260274
Parkchester,1480,48032.4,9623.74,31.941666666666666,76.14583333333333,10.149703036458755,1.022972972972973,4.054794520547945
Pelham Bay,356,12412.75,2558.29,27.191666666666666,71.59166666666667,11.294116088137432,1.047752808988764,0.9753424657534246
Pelham Bay Park,46,2481.0,355.59000000000003,19.758333333333333,47.725,19.685495777452342,1.2391304347826086,0.12602739726027398
Pelham Parkway,929,29243.1,5294.82,27.116666666666667,71.47666666666652,9.155283415967032,1.0344456404736275,2.5452054794520547
Penn Station/Madison Sq West,1134218,28926576.66,2677388.56,14.633333333333333,36.25,7.815696919378587,1.3540783165141093,3107.4465753424656
Port Richmond,9,330.17,52.36,17.55,35.65333333333333,16.341824472394965,1.1111111111111112,0.024657534246575342
Prospect Heights,3788,113767.71,19899.06,21.35,56.01583333333331,11.197479414282036,1.1715945089757127,10.378082191780821
Prospect Park,695,21144.14,3222.57,22.216666666666665,56.84833333333332,10.288935621344962,1.381294964028777,1.904109589041096
Prospect-Lefferts Gardens,4610,144054.15,27225.65,30.575,77.93500000000002,9.276242574589334,1.052060737527115,12.63013698630137
Queens Village,1999,82061.04,18654.25,35.06666666666667,79.47,14.447089553457612,1.0205102551275638,5.476712328767123
Queensboro Hill,515,15900.42,2839.41,21.783333333333335,66.63666666666664,11.978397876694082,1.0718446601941747,1.4109589041095891
Queensbridge/Ravenswood,5411,148770.13,22193.32,16.65,54.19166666666666,10.90685294124636,1.2167806320458325,14.824657534246576
Randalls Island,1086,71503.24,7438.35,19.65,49.47083333333333,17.438803790199835,1.423572744014733,2.9753424657534246
Red Hook,3589,199796.18,34830.83,32.43333333333333,65.15,14.749780203619483,1.6221788799108388,9.832876712328767
Rego Park,2001,91174.41,12303.16,23.033333333333335,59.38333333333333,13.70814273979164,1.2418790604697652,5.482191780821918
Richmond Hill,3342,150326.42,26616.49,31.633333333333333,85.30666666666663,13.934374167726329,1.17803710353082,9.156164383561643
Ridgewood,1298,41160.25,7852.5,26.674999999999997,61.49833333333332,11.459903632457621,1.0924499229583975,3.5561643835616437
Rikers Island,16,878.13,131.25,30.950000000000003,43.19166666666667,16.199254337722543,1.25,0.043835616438356165
Riverdale/North Riverdale/Fieldston,709,31460.84,7115.33,33.45,75.10000000000001,17.02618037983096,1.1086036671368125,1.9424657534246574
Rockaway Park,452,23461.13,5436.97,48.25,93.67083333333333,14.28288251165846,1.0176991150442478,1.2383561643835617
Roosevelt Island,1279,44145.99,7323.46,22.283333333333335,60.689999999999934,11.799921333857775,1.26817826426896,3.504109589041096
Rosedale,1398,61391.45,14075.3,30.858333333333334,82.83166666666665,15.96169141262105,1.0464949928469243,3.83013698630137
Rossville/Woodrow,9,691.14,134.55,62.45,85.94666666666666,21.9055033734155,1.2222222222222223,0.024657534246575342
Saint Albans,2890,102950.52,22123.71,34.425,79.97916666666656,10.970451245052773,1.0166089965397924,7.917808219178082
Saint George/New Brighton,25,1454.73,315.86,47.0,97.99999999999997,16.340878278429027,1.12,0.0684931506849315
Saint Michaels Cemetery/Woodside,393,20216.89,2655.98,23.833333333333332,68.83666666666666,15.218808278167835,1.3333333333333333,1.0767123287671232
Schuylerville/Edgewater Park,880,31178.56,5973.58,29.308333333333334,67.85666666666664,11.624935348048602,1.0488636363636363,2.410958904109589
Seaport,59159,1824413.6,246477.84,15.6,39.41833333333331,12.23570395224567,1.4568366605250258,162.07945205479453
Sheepshead Bay,1157,52654.73,12621.03,40.46666666666667,101.51666666666667,13.059899829937391,1.0181503889369057,3.16986301369863
SoHo,238061,5976260.2,620963.61,13.116666666666667,35.6,9.174730559037206,1.4414414792847212,652.2219178082191
Soundview/Bruckner,779,25546.239999999998,5048.3,28.65,71.30833333333325,10.421040290873341,1.0513478818998716,2.1342465753424658
Soundview/Castle Hill,2384,83668.64,16888.98,28.45,69.10333333333328,11.58769431947179,1.0331375838926173,6.531506849315068
South Beach/Dongan Hills,142,9883.22,2615.77,42.275000000000006,55.482499999999995,27.808172964346188,1.028169014084507,0.38904109589041097
South Jamaica,4621,303191.99,51210.61,33.71666666666667,70.96666666666667,18.920964804917055,1.2702878164899372,12.66027397260274
South Ozone Park,4150,253859.18,36645.86,24.883333333333333,75.05666666666663,17.896403386618438,1.3387951807228915,11.36986301369863
South Williamsburg,1102,31120.06,4878.43,17.758333333333333,58.196666666666744,10.111970180922079,1.2159709618874772,3.0191780821917806
Springfield Gardens North,2605,97147.85,20616.1,35.28333333333333,79.47333333333331,11.281547135318004,1.0280230326295585,7.136986301369863
Springfield Gardens South,2872,202494.97,36949.98,36.916666666666664,81.61916666666664,19.18661654770935,1.3325208913649025,7.868493150684931
Spuyten Duyvil/Kingsbridge,1310,48068.03,9752.04,25.133333333333333,66.3325,13.961422537066037,1.1893129770992366,3.589041095890411
Stapleton,21,1986.73,292.46999999999997,22.566666666666666,60.733333333333334,26.40394379363147,1.0952380952380953,0.057534246575342465
Starrett City,1544,63798.76,13101.12,39.45,91.87416666666664,9.975687347383115,1.0259067357512954,4.23013698630137
Steinway,5569,254673.24,35548.51,18.533333333333335,54.686666666666646,15.664895186343463,1.2698868737654876,15.257534246575343
Stuy Town/Peter Cooper Village,41395,984835.8,112097.16,12.066666666666666,31.85,9.549952250238748,1.2911462737045536,113.41095890410959
Stuyvesant Heights,4065,126447.3,23632.17,30.9,69.45666666666664,9.543595675244276,1.0423124231242313,11.136986301369863
Sunnyside,21155,721739.41,96935.29,17.75,49.71666666666667,11.68154506932354,1.290333254549752,57.95890410958904
Sunset Park East,660,24676.739999999998,4952.46,34.625,84.61583333333331,10.491120242408725,1.0863636363636364,1.8082191780821917
Sunset Park West,2182,85890.95999999999,17208.99,27.95,73.0583333333333,13.701908935438869,1.0939505041246562,5.978082191780822
Sutton Place/Turtle Bay North,619279,13529385.1,1276945.5,10.966666666666667,27.75,8.791364529046106,1.3328015321042697,1696.654794520548
Times Sq/Theatre District,1024125,27847700.58,3031013.15,13.016666666666667,39.15,8.499929167256939,1.5046639814475773,2805.821917808219
TriBeCa/Civic Center,428864,11684026.92,1355461.17,14.0,36.833333333333336,10.222176790325376,1.3804959147888376,1174.9698630136986
Two Bridges/Seward Park,37042,1040900.92,136473.38,15.15,37.84916666666662,11.036767414381247,1.4269477889962745,101.48493150684932
UN/Turtle Bay South,399374,9831743.99,1016019.54,12.083333333333334,32.416666666666664,8.934259615569903,1.353185234892607,1094.1753424657534
Union Sq,860238,19686872.58,1792638.41,11.716666666666667,31.466666666666665,8.397504602400469,1.3651198854270563,2356.8164383561643
University Heights/Morris Heights,2018,82804.06,18839.66,33.358333333333334,78.06999999999998,12.208410048762893,1.0346878097125867,5.528767123287671
Upper East Side North,1394391,29758799.74,2742510.88,9.933333333333334,29.066666666666666,8.999913830612261,1.3426965607207735,3820.249315068493
Upper East Side South,1548602,32065543.21,2736715.81,9.75,27.816666666666666,8.316428062503565,1.3389812230644156,4242.745205479452
Upper West Side North,645111,14109695.18,1481401.2,10.2,29.5,10.077789999934133,1.3266306108561163,1767.427397260274
Upper West Side South,916170,20475809.31,2048308.93,10.233333333333333,29.616666666666667,9.78200646890774,1.3844755885916369,2510.054794520548
Van Cortlandt Park,104,4505.98,848.68,26.366666666666667,59.14583333333331,16.34838616502985,1.1153846153846154,0.28493150684931506
Van Cortlandt Village,1232,44279.0,8720.06,28.791666666666668,77.06666666666669,11.526653726559953,1.0535714285714286,3.3753424657534246
Van Nest/Morris Park,2073,62496.57,11025.91,26.283333333333335,67.38333333333334,8.694496540347556,1.0593342981186686,5.67945205479452
Washington Heights North,4608,151996.18,28968.75,19.025,51.03249999999998,15.095791783356514,1.265625,12.624657534246575
Washington Heights South,19984,588798.1,99345.9,16.2,47.12833333333329,13.243851194799525,1.268464771817454,54.75068493150685
West Brighton,9,449.95,89.13999999999999,21.266666666666666,41.459999999999994,21.075175649974657,1.2222222222222223,0.024657534246575342
West Chelsea/Hudson Yards,539986,13389053.68,1299019.01,13.966666666666667,32.06666666666667,8.858279902764744,1.4426133270121817,1479.4136986301369
West Concourse,3211,98965.79,16969.66,21.766666666666666,60.425,10.909071714243318,1.2366863905325445,8.797260273972602
West Farms/Bronx River,859,27990.95,5570.11,26.216666666666665,74.96999999999996,10.63122009969347,1.0407450523864958,2.3534246575342466
West Village,692739,16454200.27,1635522.53,11.816666666666666,31.416666666666668,9.393396425919217,1.3958648206611726,1897.9150684931508
Westchester Village/Unionport,905,29265.21,5563.2,28.616666666666667,74.77666666666664,10.31800661765849,1.1116022099447513,2.4794520547945207
Westerleigh,16,1624.9,268.89,27.55,431.74583333333334,27.460946483610165,1.375,0.043835616438356165
Whitestone,359,16051.89,2891.82,26.183333333333334,64.63499999999999,16.157434514358858,1.0724233983286908,0.9835616438356164
Willets Point,93,5738.27,997.94,24.8,61.22333333333332,23.123543542598778,1.3763440860215055,0.2547945205479452
Williamsbridge/Olinville,1962,73899.72,15704.21,33.13333333333333,79.04249999999998,11.468713577097322,1.018348623853211,5.375342465753425
Williamsburg (North Side),13900,395527.97,62679.78,19.191666666666666,41.40166666666664,12.23582757231583,1.2746762589928058,38.082191780821915
Williamsburg (South Side),10752,313119.01,49094.23,18.191666666666666,44.25583333333328,11.831314231999936,1.2932477678571428,29.457534246575342
Windsor Terrace,686,25724.61,4673.63,24.775,67.70833333333333,12.544299672055839,1.163265306122449,1.8794520547945206
Woodhaven,1001,35010.76,6241.73,26.433333333333334,71.65,11.661676182857336,1.072927072927073,2.7424657534246575
Woodlawn/Wakefield,935,39649.42,9029.77,33.8,87.12666666666667,14.563064379424137,1.0663101604278076,2.5616438356164384
Woodside,5928,204183.07,26154.77,15.433333333333334,49.465833333333315,11.727734918483897,1.3115721997300944,16.24109589041096
World Trade Center,168404,5503390.49,711290.85,18.283333333333335,43.55,10.522165673874113,1.5482886392247215,461.3808219178082
Yorkville East,446549,9944026.15,1086184.16,10.266666666666667,27.116666666666667,10.194625308582106,1.305133367222858,1223.4219178082192
Yorkville West,613888,13204958.09,1393058.02,9.383333333333333,27.816666666666666,10.499931522185726,1.3310766784820685,1681.8849315068494
