DO_Zone,total_trips,total_revenue,total_distance_miles,median_duration_minutes,p95_duration_minutes,median_speed_mph,avg_passengers,trips_per_day
Allerton/Pelham Gardens,1902,121601.23,24809.06,34.266666666666666,67.29583333333332,21.90325524335212,1.3012618296529967,5.210958904109589
Alphabet City,114919,2846474.02,327175.44,12.683333333333334,30.783333333333335,9.700494246169802,1.3618983805985085,314.84657534246577
Arden Heights,424,44712.83,9261.55,54.54166666666667,94.70333333333332,23.515770457696803,1.1037735849056605,1.1616438356164382
Arrochar/Fort Wadsworth,457,44429.05,8465.76,38.93333333333333,67.36333333333333,29.18053961090852,1.4223194748358863,1.252054794520548
Astoria,76597,2910260.04,454819.33,22.2,43.13333333333333,13.492239646601435,1.3137720798464692,209.85479452054796
Astoria Park,449,19602.03,3171.24,24.733333333333334,48.219999999999985,14.036668272932465,1.358574610244989,1.2301369863013698
Auburndale,2631,149852.27,30270.24,28.466666666666665,53.68333333333334,24.158049114180912,1.4040288863549981,7.208219178082191
Baisley Park,26587,780296.98,128749.3,9.766666666666667,51.85666666666657,22.959378316450984,1.4306992139015309,72.84109589041095
Bath Beach,1906,136661.51,29753.07,35.90833333333333,67.93333333333334,26.008815791447436,1.3336831059811123,5.221917808219178
Battery Park,20115,636509.12,87367.14,20.783333333333335,34.483333333333334,12.195403987415023,1.8026845637583893,55.10958904109589
Battery Park City,244084,7859806.53,1096805.99,17.933333333333334,36.666666666666664,12.310631803371638,1.454335392733649,668.7232876712329
Bay Ridge,18439,1312620.85,261389.21,34.333333333333336,62.983333333333334,23.57740501502954,1.3161776669016758,50.51780821917808
Bay Terrace/Fort Totten,2258,150793.74,32288.65,29.666666666666664,55.125000000000014,29.088934611417166,1.3866253321523472,6.186301369863013
Bayside,3962,254034.07,53153.88,29.133333333333333,56.68083333333332,28.22328814693833,1.3687531549722363,10.854794520547944
Bedford,30346,1463516.48,242078.7,31.866666666666667,56.42916666666666,13.716336686822466,1.3387596388321361,83.13972602739726
Bedford Park,3474,211489.09,43157.35,33.75,71.56666666666663,20.11808889071467,1.2662636729994243,9.517808219178082
Bellerose,2889,147841.11,31105.84,22.383333333333333,59.05333333333333,28.047425993085056,1.3831775700934579,7.9150684931506845
Belmont,2787,171324.8,32998.19,34.06666666666667,67.69333333333331,19.724561673477286,1.340150699677072,7.635616438356164
Bensonhurst East,3270,217619.17,46276.43,36.775,65.02583333333332,23.141074163643445,1.310703363914373,8.95890410958904
Bensonhurst West,4508,315533.24,66171.16,37.11666666666667,66.51583333333332,23.39108102922008,1.31810115350488,12.35068493150685
Bloomfield/Emerson Hill,1016,97216.94,22582.21,47.49166666666667,86.1625,28.972913706445645,1.2696850393700787,2.7835616438356166
Bloomingdale,104129,2563082.93,319687.95,11.116666666666667,34.68333333333333,11.89690380074317,1.34941274764955,285.2849315068493
Boerum Hill,44432,2175143.76,364506.39,26.8,62.32416666666662,14.253163568579469,1.3533489377025567,121.73150684931507
Borough Park,7208,504261.3,103521.1,41.53333333333333,70.18833333333332,19.786886737819696,1.411764705882353,19.747945205479454
Breezy Point/Fort Tilden/Riis Beach,509,41930.65,8699.89,32.85,69.0033333333333,30.4674316589178,1.3575638506876229,1.3945205479452054
Briarwood/Jamaica Hills,10064,404890.37,74566.86,20.516666666666666,53.15,20.07620329574864,1.3697337042925277,27.572602739726026
Brighton Beach,3708,255607.92,56404.11,35.208333333333336,70.71666666666667,26.40398710054511,1.3220064724919094,10.158904109589042
Broad Channel,258,13599.76,2660.26,23.666666666666664,58.001666666666594,24.81945846357241,1.3565891472868217,0.7068493150684931
Bronx Park,1935,121896.26,23257.42,32.5,56.971666666666664,22.163722689305732,1.620671834625323,5.301369863013699
Bronxdale,1898,116149.87,24017.76,34.275000000000006,68.0283333333333,21.28381148557641,1.2434141201264488,5.2
Brooklyn Heights,73245,3122905.72,494376.74,22.616666666666667,55.38333333333333,14.138950841509265,1.3372243839169908,200.67123287671234
Brooklyn Navy Yard,3482,137641.6,20343.9,24.883333333333333,52.29416666666664,12.186396672128062,1.2937966685812752,9.53972602739726
Brownsville,5613,247815.2,47544.74,30.866666666666667,69.03333333333333,15.806516404239423,1.228576518795653,15.378082191780821
Bushwick North,18298,888340.25,148443.3,29.85,49.93583333333329,15.344011516039872,1.328123292163078,50.131506849315066
Bushwick South,29390,1381776.49,229374.31,30.033333333333335,52.0,14.202592983867154,1.3075535896563457,80.52054794520548
Cambria Heights,5123,209817.13,42474.77,18.566666666666666,62.95499999999996,23.526386241587616,1.3784891665040016,14.035616438356165
Canarsie,10904,511946.21,107792.88,24.05,68.88083333333334,23.754420946361666,1.2846661775495232,29.873972602739727
Carroll Gardens,23104,1205269.0,198878.88,25.866666666666667,58.41166666666662,15.424820460556472,1.3364785318559558,63.298630136986304
Central Harlem,179721,4936281.84,672383.85,13.85,37.38333333333333,11.711818619250947,1.3581217553875173,492.386301369863
Central Harlem North,109933,3551177.95,548043.33,17.783333333333335,41.2,12.841799963757586,1.3310198029709004,301.18630136986303
Central Park,406525,9011043.58,846642.6,11.05,31.466666666666665,9.033027834210401,1.4874165180493204,1113.7671232876712
Charleston/Tottenville,324,34039.95,8524.0,49.825,92.51999999999998,32.91168259945485,1.1820987654320987,0.8876712328767123
Chinatown,83926,2343651.94,288712.99,15.383333333333333,38.666666666666664,9.290295608819202,1.462276291018278,229.93424657534246
City Island,574,46490.66,9595.26,40.28333333333333,73.43250000000002,25.14566589597797,1.2560975609756098,1.5726027397260274
Claremont/Bathgate,2771,127396.02,24466.57,28.7,69.54166666666666,15.053332569397465,1.2457596535546733,7.5917808219178085
Clinton East,747512,18612595.32,1895878.17,12.633333333333333,39.68333333333333,8.190424187782934,1.4419634734960776,2047.978082191781
Clinton Hill,38156,1863614.19,304003.21,29.683333333333334,55.95,13.603812637828907,1.3268162281161546,104.53698630136986
Clinton West,346087,8395715.98,778097.61,12.266666666666667,31.6,8.680777184875023,1.4058199238919693,948.1835616438356
Co-Op City,4197,253476.0,55735.83,36.583333333333336,81.93666666666667,20.361473293700374,1.2053847986657136,11.498630136986302
Cobble Hill,18077,864516.83,140361.28,24.816666666666666,56.983333333333334,14.571178779792346,1.3305305083808154,49.52602739726027
College Point,2539,143080.3,28845.67,30.383333333333333,61.80499999999999,22.704703902742477,1.3918865695155573,6.956164383561644
Columbia Street,6081,314022.07,51832.23,26.1,58.4,15.164352402015615,1.3499424436770269,16.660273972602738
Coney Island,4723,324955.56,72316.83,38.93333333333333,78.57666666666664,23.870541012101967,1.2868939233538006,12.93972602739726
Corona,6818,308076.72,58614.53,24.941666666666666,52.333333333333336,20.585548270296194,1.3392490466412437,18.67945205479452
Country Club,574,41448.19,8293.24,31.825,57.51166666666667,27.33813323029869,1.4390243902439024,1.5726027397260274
Crotona Park,199,9508.65,1760.12,29.583333333333332,63.44499999999996,16.121814136686297,1.3467336683417086,0.5452054794520548
Crotona Park East,1849,91506.04,17689.65,29.0,64.26666666666664,17.610776541191598,1.2552731206057328,5.065753424657534
Crown Heights North,41794,2082663.61,357561.43,32.96666666666667,56.70583333333331,14.8323661919537,1.3112647748480644,114.5041095890411
Crown Heights South,12330,634894.77,111330.3,35.99166666666667,58.95166666666664,14.934161074268065,1.3008110300081104,33.78082191780822
Cypress Hills,4686,197388.74,38647.75,20.833333333333332,57.02083333333333,22.154842285954835,1.3640631668800682,12.838356164383562
DUMBO/Vinegar Hill,40577,1567045.54,235370.35,21.483333333333334,49.516666666666666,13.044754211120152,1.423786874337679,111.16986301369863
Douglaston,2618,167123.83,35025.33,26.075,53.8,30.657927964980704,1.4209320091673032,7.1726027397260275
Downtown Brooklyn/MetroTech,41715,1837199.25,305438.09,23.116666666666667,60.96666666666667,14.27687914806416,1.3750449478604818,114.28767123287672
Dyker Heights,3666,253335.93,50859.14,34.81666666666666,62.6,22.636359561158454,1.3797054009819967,10.043835616438356
East Chelsea,797639,18593905.6,1849156.32,11.666666666666666,31.966666666666665,8.964363099392967,1.407831111568015,2185.3123287671233
East Concourse/Concourse Village,9136,418120.09,76552.22,26.59166666666667,60.858333333333334,15.551908659390286,1.2919220665499125,25.03013698630137
East Elmhurst,8633,450010.02999999997,81169.31,26.416666666666668,50.26333333333332,21.466832418799836,1.419668713077725,23.65205479452055
East Flatbush/Farragut,6407,337802.04,63910.28,35.65,64.24499999999999,16.52312774847283,1.2647104729202434,17.553424657534247
East Flatbush/Remsen Village,6664,318132.8,61441.71,31.8,67.48749999999995,16.86986515961435,1.2584033613445378,18.257534246575343
East Flushing,1635,88156.0,17529.08,30.633333333333333,55.76,21.128670471820566,1.3571865443425077,4.47945205479452
East Harlem North,210344,4986160.57,654794.68,11.85,31.3,12.943715511514963,1.3202373255239037,576.2849315068493
East Harlem South,373042,8269933.81,955815.9,10.266666666666667,31.916666666666668,10.963375754402549,1.3234836828024727,1022.0328767123287
East New York,13306,528561.14,104512.63,21.466666666666665,68.2625,20.700778700189602,1.2779197354576883,36.45479452054794
East New York/Pennsylvania Avenue,3266,142104.74,27741.5,26.383333333333333,66.85000000000001,18.692224541498145,1.284445805266381,8.947945205479453
East Tremont,2929,149010.09,28980.14,31.666666666666668,67.42999999999999,16.774442388088254,1.2830317514510072,8.024657534246575
East Village,610396,14369460.73,1500318.68,11.783333333333333,29.916666666666668,9.157141834831503,1.3951533103100282,1672.317808219178
East Williamsburg,34658,1594065.56,257941.06,25.2,50.51916666666669,14.900764806386714,1.34736568757574,94.95342465753424
Eastchester,1962,125922.16,27090.53,37.68333333333334,70.87416666666664,21.545380300007338,1.2415902140672783,5.375342465753425
Elmhurst,15227,661264.64,117550.03,26.433333333333334,49.74499999999998,16.187367649691144,1.3706573849083865,41.71780821917808
Elmhurst/Maspeth,6517,271780.86,46682.38,24.483333333333334,47.87333333333331,15.619010430927545,1.3860672088384225,17.854794520547944
Eltingville/Annadale/Prince's Bay,233,33413.51,6851.7,56.85,87.91333333333333,31.603823028406982,1.4291845493562232,0.6383561643835617
Erasmus,5549,306627.55,57806.98,36.21666666666667,61.98666666666665,16.348667972102653,1.2649125968642998,15.202739726027398
Far Rockaway,4916,247618.72,52269.71,24.825,88.38749999999999,21.75982274628923,1.2874288039056143,13.468493150684932
Financial District North,221932,7369169.41,1074053.47,16.983333333333334,43.516666666666666,12.784556378970558,1.3938323450426258,608.0328767123287
Financial District South,115873,3907737.44,588626.72,17.333333333333332,38.46666666666667,14.746016437834163,1.4641806115315905,317.46027397260275
Flatbush/Ditmas Park,23243,1444179.5,268661.06,35.68333333333333,61.3,19.009671825879945,1.2969496192402012,63.679452054794524
Flatiron,428582,9719703.24,955984.96,10.016666666666667,31.0,9.235428023346158,1.371191510609405,1174.1972602739727
Flatlands,7130,396368.56,80664.88,31.666666666666668,74.24249999999999,21.137032632278252,1.3014025245441796,19.534246575342465
Flushing,13284,705380.73,134999.48,28.083333333333332,55.25666666666657,21.42502128848041,1.405149051490515,36.394520547945206
Flushing Meadows-Corona Park,10273,539605.17,98681.99,23.716666666666665,62.25666666666666,23.323896357167953,1.4128297478827996,28.145205479452056
Fordham South,1730,93639.33,18769.98,31.516666666666666,68.63333333333334,18.24748008172874,1.2953757225433526,4.739726027397261
Forest Hills,31596,1548352.75,269594.79,26.566666666666666,49.733333333333334,19.290027667306113,1.341942017976959,86.56438356164384
Forest Park/Highland Park,871,41030.659999999996,7769.79,25.45,56.66666666666667,20.078378880055215,1.2881745120551091,2.3863013698630136
Fort Greene,37134,1655856.38,263461.34,26.066666666666666,56.7,12.927170065222823,1.3212419884741746,101.73698630136987
Fresh Meadows,3212,173585.92,34823.03,28.233333333333334,53.35583333333332,22.834060093317255,1.356164383561644,8.8
Freshkills Park,29,2864.93,627.0699999999999,49.28333333333333,90.00666666666666,25.060038792883514,1.0344827586206897,0.07945205479452055
Garment District,429290,10356835.04,949207.28,12.866666666666667,36.13333333333333,6.761359540877292,1.4430757762817676,1176.13698630137
Glen Oaks,2328,132389.04,28391.07,25.6,64.18333333333337,27.493909946813535,1.3470790378006874,6.3780821917808215
Glendale,4738,224157.58,40248.69,27.833333333333332,51.8958333333333,18.08992434564417,1.3493035035880119,12.98082191780822
Governor's Island/Ellis Island/Liberty Island,17,686.06,112.27,38.65,83.22333333333331,8.496595348288634,1.0,0.04657534246575343
Gowanus,8998,476264.79,79317.33,28.9,60.82416666666665,14.42845078734042,1.3189597688375194,24.65205479452055
Gramercy,600732,13179402.33,1274703.33,10.35,27.616666666666667,9.187108857210358,1.3579915836013396,1645.841095890411
Gravesend,2070,133733.18,30740.12,35.666666666666664,77.15833333333333,25.029935750274447,1.3096618357487924,5.671232876712328
Great Kills,317,40402.05,8152.8,55.78333333333333,111.50999999999999,27.446008038097762,1.416403785488959,0.8684931506849315
Great Kills Park,2,228.67,57.25,160.13333333333333,190.25333333333333,10.857053110897198,1.0,0.005479452054794521
Green-Wood Cemetery,252,15659.0,2794.67,29.958333333333336,57.0225,18.789935686719364,1.3174603174603174,0.6904109589041096
Greenpoint,59120,2645237.55,406853.3,23.283333333333335,48.11666666666667,14.173485326368114,1.333897158322057,161.97260273972603
Greenwich Village North,400207,9218254.89,905842.99,11.183333333333334,31.416666666666668,8.901054884893426,1.3598013028257876,1096.4575342465753
Greenwich Village South,301402,7027700.67,698683.63,12.0,31.0,8.682291654411852,1.4159395093595928,825.758904109589
Grymes Hill/Clifton,323,33627.3,6891.63,41.333333333333336,69.30333333333331,30.934020610987698,1.368421052631579,0.8849315068493151
Hamilton Heights,65631,2349796.98,379043.59,18.833333333333332,43.775,14.673587385433043,1.335466471636879,179.81095890410958
Hammels/Arverne,2966,176943.01,37436.01,33.766666666666666,91.17500000000001,20.487408349725595,1.2420768712070127,8.126027397260273
Heartland Village/Todt Hill,655,72088.4,14372.96,44.03333333333333,71.23166666666667,29.742563952207753,1.4045801526717556,1.7945205479452055
Highbridge,5353,245629.87,46551.12,26.583333333333332,64.30666666666666,16.331863465621428,1.367831122734915,14.665753424657535
Highbridge Park,1336,61956.27,11748.09,23.09166666666667,59.295833333333334,19.2999323810066,1.3652694610778444,3.66027397260274
Hillcrest/Pomonok,5183,236076.05,44835.04,25.4,53.291666666666636,19.514631276795438,1.2961605247925911,14.2
Hollis,2166,94048.51,18358.53,24.941666666666666,61.19166666666666,17.842263998765766,1.3051708217913205,5.934246575342466
Homecrest,4569,300508.23,62217.26,35.85,67.24999999999996,22.358951426716487,1.3125410374261326,12.517808219178082
Howard Beach,6384,242789.72,45542.42,15.791666666666668,55.14749999999999,23.01502424336038,1.4118107769423558,17.49041095890411
Hudson Sq,149205,3807008.56,433322.48,12.383333333333333,36.93333333333333,9.518585988288885,1.3906906605006535,408.7808219178082
Hunts Point,2508,121959.95,23150.65,28.216666666666665,61.72916666666669,17.2419670786322,1.270334928229665,6.8712328767123285
Inwood,17901,922308.99,180199.32,22.983333333333334,51.86666666666667,24.407804850502195,1.3307077816881738,49.04383561643836
Inwood Hill Park,1703,83583.43,16296.93,23.383333333333333,52.29666666666666,22.768916019307216,1.3118027011156783,4.6657534246575345
JFK Airport,326649,27848336.81,5470959.79,47.61666666666667,81.66666666666667,21.705856816639038,1.5635406812817427,894.9287671232877
Jackson Heights,33943,1552689.74,260897.8,27.0,48.0,15.674449305354448,1.3691777391509294,92.9945205479452
Jamaica,14069,535941.55,98568.61,20.533333333333335,56.6,18.877996981105845,1.3493496339469757,38.54520547945206
Jamaica Bay,54,2735.94,542.36,22.883333333333333,59.97833333333325,24.207482280984976,1.5740740740740742,0.14794520547945206
Jamaica Estates,5328,247460.69,48714.92,25.6,61.97749999999999,19.80888072414469,1.321509009009009,14.597260273972603
Kensington,7275,481902.82,90746.87,33.61666666666667,62.03833333333332,21.261571879511823,1.33553264604811,19.931506849315067
Kew Gardens,8689,390577.87,69942.09,23.05,56.9,19.44650372210986,1.328346184831396,23.805479452054794
Kew Gardens Hills,6607,283190.1,52986.89,22.416666666666668,49.589999999999996,20.61348007077295,1.3432722869683669,18.101369863013698
Kingsbridge Heights,3223,175502.93,35821.49,30.966666666666665,71.54666666666665,19.377169738998898,1.2466645982004343,8.830136986301369
Kips Bay,396640,8449458.9,822114.55,10.316666666666666,26.7,9.185791933848138,1.322796490520371,1086.6849315068494
LaGuardia Airport,52127,2409100.21,508764.32,25.666666666666668,51.66166666666662,22.788519340527223,1.0850231166190265,142.813698630137
Laurelton,5506,194045.4,38749.47,14.783333333333333,58.77083333333333,23.593388321913775,1.3379949146385761,15.084931506849315
Lenox Hill East,656235,14738001.41,1435859.03,11.6,30.766666666666666,8.75339767788387,1.3105366217894505,1797.9041095890411
Lenox Hill West,826219,17663499.37,1677196.79,9.983333333333333,28.233333333333334,9.21930982002834,1.3512155978015514,2263.613698630137
Lincoln Square East,895326,19615540.26,1827744.61,10.6,29.65,8.876493456325734,1.367150066009476,2452.9479452054793
Lincoln Square West,464770,10628440.85,1055303.59,11.516666666666667,30.566666666666666,9.051038682096218,1.3461475568560795,1273.3424657534247
Little Italy/NoLiTa,290122,7517879.14,789915.37,14.916666666666666,35.4,8.28816228182172,1.4739695714216778,794.8547945205479
Long Island City/Hunters Point,67436,2626095.67,381964.9,18.866666666666667,46.670833333333334,13.20178645193333,1.3466397769737233,184.75616438356164
Long Island City/Queens Plaza,23802,864243.25,133150.55,19.55,48.78333333333333,13.008288726899321,1.3422821611629274,65.21095890410959
Longwood,2290,102528.72,19263.48,25.941666666666666,59.00833333333329,16.009022651691158,1.3305676855895197,6.273972602739726
Lower East Side,296699,8016318.24,909306.58,14.55,36.55,8.687228499978188,1.4598465111105867,812.8739726027397
Madison,3999,257068.88999999998,53184.19,34.2,67.00166666666667,23.7536238939169,1.3425856464116028,10.956164383561644
Manhattan Beach,2129,144560.83,31370.85,32.083333333333336,67.95333333333332,27.950253743131864,1.3790511977454203,5.832876712328767
Manhattan Valley,282898,6708974.83,794089.71,10.483333333333333,33.31666666666667,11.174646415005402,1.3530671832250494,775.0630136986301
Manhattanville,43196,1236262.26,181930.94,14.616666666666667,38.32083333333334,12.816788649304964,1.3160246319103621,118.34520547945205
Marble Hill,1114,65050.15,12951.45,29.950000000000003,63.892499999999984,21.644447438536563,1.3114901256732496,3.052054794520548
Marine Park/Floyd Bennett Field,1199,65524.81,14530.05,19.233333333333334,55.411666666666655,35.38886762412083,1.4111759799833195,3.2849315068493152
Marine Park/Mill Basin,5777,345006.35,72543.43,29.3,67.58666666666663,25.8614819878526,1.3714730829150077,15.827397260273973
Mariners Harbor,403,45056.61,9100.5,40.46666666666667,80.04666666666664,32.45752940033648,1.2034739454094292,1.104109589041096
Maspeth,8183,373963.81,65781.36,24.616666666666667,47.05,17.739084158910888,1.3949651716974214,22.41917808219178
Meatpacking/West Village West,309768,7370513.6,761118.52,11.85,31.466666666666665,9.224140201237145,1.4056745693551302,848.6794520547945
Melrose South,6914,264832.5,46960.06,23.325,54.416666666666664,13.922902687795808,1.265258894995661,18.942465753424656
Middle Village,8095,396226.72,69777.9,27.25,47.03333333333333,18.57452257617784,1.3524397776405188,22.17808219178082
Midtown Center,1270419,28680015.65,2486277.06,12.116666666666667,31.133333333333333,7.231384207460377,1.3778099981187308,3480.6
Midtown East,910259,20545183.36,1891253.68,11.333333333333334,29.85,7.95630471664805,1.352263476658841,2493.860273972603
Midtown North,790922,18527683.06,1732026.49,11.916666666666666,35.38333333333333,7.6136584239971565,1.3996462356591421,2166.909589041096
Midtown South,650738,15928998.959999999,1561701.53,12.066666666666666,35.21666666666667,7.60130512719855,1.4424299795001982,1782.8438356164384
Midwood,6868,446651.83,87877.33,36.78333333333333,63.965833333333315,21.028705798132236,1.3193069306930694,18.816438356164383
Morningside Heights,223995,5745953.69,748015.52,12.083333333333334,36.483333333333334,11.685808810324978,1.3413870845331368,613.6849315068494
Morrisania/Melrose,3875,183398.47,35115.51,29.466666666666665,64.77499999999998,14.399973070180232,1.272,10.616438356164384
Mott Haven/Port Morris,15795,585655.42,99818.63,20.033333333333335,48.85,15.380633528542713,1.3212408990186768,43.273972602739725
Mount Hope,4179,208009.23,41131.71,29.783333333333335,69.40166666666667,17.023868894334548,1.2706389088298635,11.449315068493151
Murray Hill,926600,20848207.11,1916970.4,11.15,29.333333333333332,8.048721594720039,1.3600723073602417,2538.6301369863013
Murray Hill-Queens,3557,204037.83,40647.82,30.2,55.57999999999999,22.729331543535732,1.3561990441383187,9.745205479452055
New Dorp/Midland Beach,295,31983.26,6514.02,47.5,74.15666666666671,28.068754689796524,1.4,0.8082191780821918
Newark Airport,106836,13533251.47,1947795.3,38.61666666666667,72.2,28.223938725428393,1.6293945860945749,292.7013698630137
North Corona,4537,203461.11,37299.59,27.816666666666666,50.60666666666665,16.78230077483535,1.435970905884946,12.43013698630137
Norwood,3657,211331.28,43341.92,32.56666666666667,73.44,19.985178399545465,1.224774405250205,10.01917808219178
Oakland Gardens,2555,150908.2,30989.28,26.516666666666666,56.29666666666664,27.449360552049942,1.3788649706457925,7.0
Oakwood,232,27187.7,5267.93,47.45833333333333,73.73583333333333,27.79748847665519,1.4655172413793103,0.6356164383561644
Ocean Hill,7052,325845.3,59765.43,30.65,63.50249999999998,15.872421433706656,1.2834656834940443,19.32054794520548
Ocean Parkway South,2359,161041.99,32499.36,36.75,65.60833333333332,21.766558958908146,1.367528613819415,6.463013698630137
Old Astoria,26270,1052484.72,169835.57,23.083333333333332,43.31666666666667,13.958163269063334,1.3175104682146936,71.97260273972603
Outside of NYC,99734,11434139.77,1763552.27,35.13333333333333,87.63333333333334,26.25130987937331,1.5135360057753624,273.24383561643833
Ozone Park,3531,133113.61,24890.7,15.733333333333333,55.61666666666667,22.697129771247834,1.4231096006796942,9.673972602739726
Park Slope,71960,4068462.44,673019.6,32.68333333333333,60.2,14.532543434214215,1.3404113396331294,197.15068493150685
Parkchester,3133,180561.87,36318.72,31.95,65.03333333333333,21.27956252614476,1.2527928503032237,8.583561643835617
Pelham Bay,1115,72148.91,14628.89,33.81666666666667,65.57666666666665,23.318368361373434,1.3004484304932735,3.0547945205479454
Pelham Bay Park,274,17111.32,3604.3,33.68333333333334,73.8575,23.82929691624762,1.2445255474452555,0.7506849315068493
Pelham Parkway,3095,191387.95,38265.73,34.06666666666667,63.205,21.56350017099419,1.2510500807754443,8.479452054794521
Penn Station/Madison Sq West,699154,15754187.23,1384927.64,11.95,30.7,7.595798893200571,1.3999047420167803,1915.490410958904
Port Richmond,174,19069.17,3888.35,42.425,85.205,32.472081223705814,1.3908045977011494,0.4767123287671233
Prospect Heights,24205,1256375.38,202635.14,32.766666666666666,57.63333333333333,13.943629835424193,1.3288989878124355,66.31506849315069
Prospect Park,4100,203827.6,32165.3,32.38333333333333,58.20166666666666,13.234751061284946,1.387560975609756,11.232876712328768
Prospect-Lefferts Gardens,21605,1154733.88,202870.58,35.81666666666667,60.313333333333325,14.980965808417018,1.2823420504512844,59.19178082191781
Queens Village,6482,306613.65,65551.2,24.4,67.01499999999999,23.01620983990577,1.2938907744523296,17.75890410958904
Queensboro Hill,2519,123586.1,23608.56,25.366666666666667,51.54833333333332,22.287967539244185,1.293370385073442,6.901369863013699
Queensbridge/Ravenswood,10567,341561.03,52793.03,19.066666666666666,52.82833333333332,11.999945038419673,1.3089807892495504,28.95068493150685
Randalls Island,4146,182967.53,24868.68,18.733333333333334,47.0125,16.963085495552228,1.4310178485287024,11.35890410958904
Red Hook,11512,609953.64,100431.2,29.433333333333334,61.03166666666663,15.097799185924156,1.4557852675469076,31.53972602739726
Rego Park,9227,428732.62,76108.73,26.6,49.50666666666663,18.48296568951909,1.333694591958383,25.279452054794522
Richmond Hill,10830,442399.82,83737.01,22.09166666666667,56.934999999999974,19.119221463406415,1.3323176361957525,29.671232876712327
Ridgewood,14221,698323.91,120530.44,29.416666666666668,48.333333333333336,16.865771661001453,1.3288798256100134,38.961643835616435
Riverdale/North Riverdale/Fieldston,8759,631879.79,120743.62,29.783333333333335,66.52166666666669,25.940221073966942,1.3283479849297866,23.997260273972604
Rockaway Park,2897,211428.85,43397.35,31.816666666666666,66.7333333333333,26.127825144769968,1.332067656196065,7.936986301369863
Roosevelt Island,16143,682847.32,107227.68,24.233333333333334,51.315,13.330456297339966,1.4004212352103078,44.227397260273975
Rosedale,5864,206774.37,41709.74,14.6,60.7758333333333,24.998297820972397,1.3100272851296044,16.065753424657533
Rossville/Woodrow,126,17741.8,3692.31,55.125,88.7125,33.361894705341726,1.3253968253968254,0.3452054794520548
Saint Albans,9263,323409.12,61181.32,18.65,64.98499999999994,18.359286666577134,1.2801468206844435,25.378082191780823
Saint George/New Brighton,571,62418.96,12614.12,46.36666666666667,74.35833333333333,28.10597533421146,1.4238178633975482,1.5643835616438355
Saint Michaels Cemetery/Woodside,392,12691.2,1963.6100000000001,18.241666666666667,50.14083333333332,11.414683269555155,1.2551020408163265,1.073972602739726
Schuylerville/Edgewater Park,3429,224802.7,45305.34,31.533333333333335,59.44,24.96822761304651,1.3505395158938467,9.394520547945206
Seaport,83764,2708527.97,384180.08,16.8,42.197499999999856,12.392152056305008,1.4342199512917244,229.4904109589041
Sheepshead Bay,4503,291070.66,63558.77,31.166666666666668,68.24666666666666,27.815753690395887,1.3577614923384411,12.336986301369864
SoHo,265527,6667863.82,695262.78,13.8,34.45,8.497638847093198,1.4350329721647892,727.4712328767123
Soundview/Bruckner,2396,128732.98,25744.86,29.975,59.954166666666666,20.161620641870186,1.3092654424040067,6.564383561643836
Soundview/Castle Hill,4705,251853.27,51485.25,32.016666666666666,65.93,19.514428307019298,1.2386822529224228,12.89041095890411
South Beach/Dongan Hills,540,51990.04,10433.48,43.041666666666664,92.30583333333333,27.258406936125745,1.3388888888888888,1.4794520547945205
South Jamaica,7812,266667.44,49968.84,15.583333333333334,65.20416666666665,20.577264050783448,1.3193804403481824,21.4027397260274
South Ozone Park,26150,907361.35,156186.3,12.883333333333333,55.90916666666665,22.201741635915297,1.4303632887189293,71.64383561643835
South Williamsburg,11727,513541.75,84200.57,30.5,58.00666666666663,12.098147543529794,1.4517779483243796,32.12876712328767
Springfield Gardens North,8126,242597.62,44347.87,12.008333333333333,61.641666666666666,21.492390670271188,1.2927639675116909,22.263013698630136
Springfield Gardens South,11981,357661.83,64168.49,9.65,53.5,25.536719378842943,1.414656539520908,32.824657534246576
Spuyten Duyvil/Kingsbridge,10900,704531.94,132545.88,27.316666666666666,63.98749999999994,25.0836744536633,1.2979816513761468,29.863013698630137
Stapleton,513,49869.46,9947.57,40.46666666666667,72.0333333333333,28.2575529659009,1.345029239766082,1.4054794520547946
Starrett City,2791,115013.96,24015.49,22.4,74.9,22.39754149045927,1.2070942314582587,7.646575342465753
Steinway,34035,1525401.94,250439.39,25.933333333333334,45.45499999999999,14.483857339351323,1.3223446452181578,93.24657534246575
Stuy Town/Peter Cooper Village,116848,2870041.88,319676.82,11.716666666666667,30.6,9.79492840373762,1.353048404765165,320.1315068493151
Stuyvesant Heights,24907,1192239.21,197645.77,32.4,54.928333333333285,13.869607879921372,1.3123218372345125,68.23835616438356
Sunnyside,47234,1722232.56,267896.08,20.35,44.88333333333333,13.766760201485187,1.311661091586569,129.4082191780822
Sunset Park East,5062,339328.62,68257.72,35.31666666666667,66.02916666666665,20.55144938756935,1.3520347688660608,13.868493150684932
Sunset Park West,13948,855949.16,160373.28,31.066666666666666,60.438333333333325,19.12203458316978,1.3159592773157442,38.21369863013699
Sutton Place/Turtle Bay North,659266,14395063.83,1349664.38,10.516666666666667,27.733333333333334,8.7665593184574,1.349092778939002,1806.2082191780821
Times Sq/Theatre District,916024,24491777.94,2506976.72,13.816666666666666,46.86666666666667,6.963250949565154,1.5265124057884947,2509.654794520548
TriBeCa/Civic Center,478012,13264698.67,1593547.02,15.05,36.9,9.829883790213557,1.3819611223149209,1309.6219178082192
Two Bridges/Seward Park,142826,3997720.43,507647.6,14.466666666666667,35.4,10.929115784748557,1.4005783260750844,391.3041095890411
UN/Turtle Bay South,475670,10901451.69,1081784.97,11.05,29.316666666666666,8.79988266823109,1.3593121281560745,1303.2054794520548
Union Sq,755586,16147166.46,1453164.91,10.466666666666667,27.466666666666665,8.5951021758342,1.3601575465929756,2070.0986301369862
University Heights/Morris Heights,4348,225055.42,47759.46,30.483333333333334,77.08833333333331,18.696963046070366,1.2382704691812327,11.912328767123288
Upper East Side North,1428635,30184473.17,2809899.24,9.516666666666667,29.216666666666665,9.436846085095828,1.3503015115827346,3914.068493150685
Upper East Side South,1385849,27844386.35,2276344.2,9.4,27.283333333333335,8.128969324108459,1.3371334106385329,3796.8465753424657
Upper West Side North,696414,16134001.32,1757796.37,10.183333333333334,31.75,10.619166884935595,1.350652054668631,1907.9835616438356
Upper West Side South,879148,19981306.95,2053999.03,10.15,31.233333333333334,9.999777782715938,1.3800099641926047,2408.6246575342466
Van Cortlandt Park,964,55368.99,11266.27,28.233333333333334,63.34416666666665,24.045096532469575,1.1929460580912863,2.6410958904109587
Van Cortlandt Village,4082,258865.02,53115.73,33.266666666666666,73.8233333333333,22.509068600298157,1.2920137187653111,11.183561643835617
Van Nest/Morris Park,4768,227872.05,43875.47,31.28333333333333,67.38166666666663,14.284589461377335,1.1776426174496644,13.063013698630137
Washington Heights North,49094,2391864.91,439065.04,23.083333333333332,51.43333333333333,21.39036554996474,1.3605124862508657,134.5041095890411
Washington Heights South,86119,3485288.67,607786.64,19.683333333333334,47.88333333333333,19.236142238910073,1.315122098491622,235.94246575342467
West Brighton,346,37467.48,7437.0199999999995,45.55833333333334,77.21666666666667,28.22215931658598,1.4421965317919074,0.947945205479452
West Chelsea/Hudson Yards,631775,14331192.47,1366046.72,12.066666666666666,28.616666666666667,9.103372937603275,1.3940216057932018,1730.890410958904
West Concourse,10820,464773.7,81404.69,25.4,57.70083333333332,15.095054004645988,1.4138632162661737,29.643835616438356
West Farms/Bronx River,2314,122867.24,24806.21,29.675,61.522499999999994,20.89571579248235,1.30466724286949,6.33972602739726
West Village,516983,11391368.71,1092243.21,10.516666666666667,29.55,9.107812532456567,1.3921598969405184,1416.3917808219178
Westchester Village/Unionport,2424,131713.57,26598.0,30.791666666666668,62.9475,20.603208126611392,1.2607260726072607,6.641095890410959
Westerleigh,449,48857.69,9369.09,41.2,71.48666666666665,29.675837161627484,1.3518930957683741,1.2301369863013698
Whitestone,3630,219677.11,45592.12,28.366666666666667,52.512499999999974,26.98778251667423,1.4476584022038568,9.945205479452055
Willets Point,301,16177.58,3109.67,25.366666666666667,63.583333333333336,23.8971702195863,1.4551495016611296,0.8246575342465754
Williamsbridge/Olinville,4119,263167.55,56141.21,37.1,74.58999999999999,21.698587334293478,1.2279679533867442,11.284931506849315
Williamsburg (North Side),69264,3268745.29,512475.71,26.533333333333335,52.9,13.348515756091441,1.374523562023562,189.76438356164383
Williamsburg (South Side),62868,2621300.69,397603.91,23.633333333333333,51.127499999999905,13.035859794107663,1.3772348412546924,172.24109589041095
Windsor Terrace,10948,728350.83,129986.23,31.766666666666666,60.233333333333334,20.161728625260842,1.350748995250274,29.994520547945207
Woodhaven,6455,268487.71,50731.41,21.966666666666665,54.60499999999999,20.154840873419158,1.3916343919442293,17.684931506849313
Woodlawn/Wakefield,2971,215717.87,46086.55,37.016666666666666,70.975,25.402375166179382,1.3073039380679905,8.139726027397261
Woodside,18191,734014.3,123726.32,23.1,46.15,14.63858973937345,1.3520422186795669,49.83835616438356
World Trade Center,145242,4874440.99,716462.15,18.516666666666666,45.53333333333333,11.860869091011367,1.4991669076437946,397.92328767123286
Yorkville East,465643,11157610.69,1205469.4,11.6,31.833333333333332,9.902797248964088,1.3475817310686513,1275.7342465753425
Yorkville West,626776,14335032.02,1542210.65,10.433333333333334,30.25,10.588192174782998,1.3551779264043295,1717.194520547945
